reviewId,userName,userImage,reviews,score,thumbsUpCount,reviewCreatedVersion,at,replyContent,repliedAt
24a23f74-13ce-4bbe-a578-00aa7501ed5c,Anivungu Barnabas,https://play-lh.googleusercontent.com/a-/ACB-R5QTIo0sr6dS3mE6YWi_rFophFNHDbRsYPcaZwdSkQ,"Please, i download this app, i processed everything, they always tell me to go back and update My app,",1,0,1.9,2023-03-19 17:08:09,"Hi, can you please send us your account details along with the screenshot of the problem to +2348098903000 so that we can help you. Thank you for using our app.",2023-03-19 22:20:55
d73b3e41-88e0-49e7-af41-1632bcef9102,shawn keen,https://play-lh.googleusercontent.com/a-/ACB-R5TVO4dqUDFuxMR3dEASIgxabWetr4lyXYRqEVUy,"the app is thrash. keeps telling me my app is out of date that I should update of I did, still bringing out same update ur app again evrerytime reupdate. Debited me of my cash binding nd still refuse to loan me",1,0,1.9,2023-03-19 16:22:20,"Hi, please email us a screenshot of the error you are facing along with your mobile number at +2348098903000 so we can look into this for you. We apologise for any inconvenience.",2023-03-19 22:22:54
69a7114e-a4e8-462a-8e8b-33eec4bd1e05,Chijioke Benneth,https://play-lh.googleusercontent.com/a-/ACB-R5QTsrhSvKgAqxBojnhSas2XBv1yl5tScfDT8yqA,Well urgent10k is fast and easy to go well done app ?,3,0,1.9,2023-03-19 13:50:11,We appreciate the feedback! Please let us know how we can earn your 5 star rating!,2023-03-19 22:22:23
5c1a8902-719e-43b1-b8d4-55416f7510b8,Nwosu Sunday,https://play-lh.googleusercontent.com/a-/ACB-R5Qtnu7BA_QXpGyjqAa7YqIIXQyumi9SEJg37tzGiQ,Trash,1,0,1.9,2023-03-19 07:52:41,"Hi, we are always looking to improve the experience for our users, and really appreciate the feedback. If there is anything specific we can look into, please contact us at +2348098903000.",2023-03-19 22:22:04
16a564b7-caa1-4d93-815c-b90f36f6d299,Nuhu Nganjiwa,https://play-lh.googleusercontent.com/a-/ACB-R5RRqQaphLjziLEGyAn1eb9ZSDQ10GhgfEXYIGaoGQ,Awesome app,5,0,1.9,2023-03-19 07:48:12,Thank you very much. Keep using our app :),2023-03-19 22:21:33
1fdde94a-0330-4f45-b558-6c98c3796897,Robel Mazengia,https://play-lh.googleusercontent.com/a/AGNmyxYHT8G4xr6pAtQnZ7-4f9AhVxbAQIEqbU0KdxNxzA=mo,Quick and easy application process. fair interest rate and straightforward repayment process.,4,0,1.9,2023-03-19 03:55:46,"Hi, thank you very much for your feedback.",2023-03-19 07:17:02
cfa7852f-f408-4975-91b3-7c436db4a413,Samuel,https://play-lh.googleusercontent.com/a/AGNmyxZJnqNG371a1yMW_grYEqJqA3xHkBK1Hbi7_NQr=mo,Exceptional lending app. But I would like other services like bills payment embedded in it.,4,0,1.9,2023-03-19 01:25:36,"Dear User, Thank you for your suggestions. We will try and incorporate them upcoming versions.",2023-03-19 07:17:18
d9c43531-4263-4b9d-bf09-b5d9b5404b64,SAFARì,https://play-lh.googleusercontent.com/a-/ACB-R5R3YXRV4gVD42YrTBHh_OG0hVYqkq5BKwg2dgi_,"Very quick and easy to use, although the UI/UX can be so much better.",3,0,1.9,2023-03-19 01:20:19,With every new app version we are introducing new features and improving existing ones. We are sure that your feedback will only help us improve further.,2023-03-19 07:17:52
9352622e-7cd3-4847-81d2-2c27223bfafa,Roqeeb Adegbola,https://play-lh.googleusercontent.com/a-/ACB-R5RyAIS3_9jovF9HWpp6UuigaEh4NrOSGVp5f9Yyfw,Great UI and easy requirements. But there should be additional option for other type of cards like Verve or Visa.,3,0,1.8,2023-03-18 22:21:53,Thank you for your feedback. We are working on such a feature.,2023-03-19 07:16:26
29a68f7a-5868-4d28-9db7-edb8baa579eb,Afolabi Oluwapelumi,https://play-lh.googleusercontent.com/a/AGNmyxZ3mDC5kP_vgia40V-fEjkbTUDbj4UwAMjKijA9=mo,"Nice app. However, you could encourage borrowers by reducing your daily interest rate. Thank You.",4,0,,2023-03-18 18:07:00,"Dear User, Thank you for your suggestions. We will try and incorporate them upcoming versions.",2023-03-18 18:28:07
d0b1c2dd-fa5b-44b4-968a-93cdb069612b,Ojo Moses,https://play-lh.googleusercontent.com/a/AGNmyxYGZLtUq1oAE7pKSITq5s1iq60uip_pl3MOjjS8=mo,Experience was okay but after some time experienced inability to log in,3,0,1.9,2023-03-18 08:09:32,Could you please uninstall the app and try again. Please reach out to us +2348098903000 if the issue persists.,2023-03-18 18:28:46
f10afa9f-6228-4640-95d0-70e2be372055,Emmanuel enwesi,https://play-lh.googleusercontent.com/a-/ACB-R5QNSDW1c6JP-S9E1_JKcwctr4bv_BvXcXZgS5gr6Q,"It's a decent app, smooth user interface ,easy to use",4,0,,2023-03-18 06:19:53,"Thank you! If you enjoy using the app, please rate us 5 stars. It would encourage us to continue improving the product!",2023-03-18 18:29:00
97b80fa6-e4a7-4ad8-8740-5c45d853c2e9,Samuel Odiase-Omoighe,https://play-lh.googleusercontent.com/a/AGNmyxaAC_5-x25JnDEUmEBqaLR49qEro1QqKpZYQZIx=mo,"Overall, I would definitely recommend urgent10k to anyone looking for a reliable and convenient way to borrow money because of it very low interest rates",4,0,1.9,2023-03-18 03:28:02,Hi! We are glad that you like our app. We'd very much appreciate if you have any recommendations/suggestions for us to get 5-star rating. Thank you very much.,2023-03-18 18:29:20
a9f029ae-cf5c-4aab-9813-1d5aa37aa890,Olanrenwaju Mercy,https://play-lh.googleusercontent.com/a/AGNmyxZnxJcdXYgQ_xEnN2y5VgQayu5DpyhMNfg1eMN8=mo,Easy to register but difficult to disbursed,2,0,,2023-03-17 23:23:36,,
f67d6aae-2172-44a4-9d16-7cae15505bff,oyebanji oluwatobiloba shola,https://play-lh.googleusercontent.com/a-/ACB-R5SaorXuHBnMfvRtGf-jKct0wR7wo4CcXe5H6blbWw,"Urgent 10k is easy to access and has a nice interface, the interest rates are as 30% per month, loan plans are not offered and receiving loan takes a while, nice app best suggeted to make opportunity to view credit score across all financial institution to supervise credit history also. Nice app and recommended.",3,0,1.8,2023-03-17 10:00:58,Hi! We are glad that you like our app. We'd very much appreciate if you have any recommendations/suggestions for us to get 5-star rating. Thank you very much.,2023-03-18 18:29:36
68d138d7-9d21-41af-b32f-9cd8c001a14a,Destiny akinlabi,https://play-lh.googleusercontent.com/a-/ACB-R5ROMI3aFxPk-mOGYW95BJ183bdnTop82KHOomUu,This is a bad app after I fill all my information the tell me am not able to apply,1,0,1.8,2023-03-16 22:50:10,,
a4cd15cc-87b8-48f7-8371-d39947563b8c,francis savage,https://play-lh.googleusercontent.com/a/AGNmyxZSZOIhWZlYoJZVi4gleFoacQYKl6symQFQs90p=mo,They said that I should update the app for my loan to be approved but the app is updated. Rubbish,1,0,1.8,2023-03-16 17:59:15,"We apologise for the difficulties you experienced while registering with us. If you would like some assistance or additional information, please contact us via +2348098903000 and we will be happy to help you further.",2023-03-18 18:29:53
32cd8ecb-e85e-4efa-9a75-26fbd808eb27,Faith Joseph,https://play-lh.googleusercontent.com/a/AGNmyxZAQctdLSnQ4dP_cuLnfkWpfMESbMtzBdug6T3Z=mo,"This app is horrible I don't recommend it for anyone,if you think I will pay money I didn't see then u must be out of ur mind, what do even mean by I should update my app",1,0,1.8,2023-03-16 16:45:27,"Hi, we're sorry to hear that and we would love to take a look at the issue. Please reach out to our customer support team at +2348098903000.",2023-03-18 18:30:14
1a385db1-a705-4e21-80bd-41dd1574a289,Adeyera Eniola,https://play-lh.googleusercontent.com/a/AGNmyxa-DWawc9PqkniBtUUt1g-YtV0189YQWo9HUhCZ=mo,They did not deserve any star dis app is rubbish,1,0,1.8,2023-03-16 14:09:37,"Dear User,
We are sorry that we didn't meet your expectations. Please let us know what we can do to improve. Drop us an email at +2348098903000 and we will definitely try to resolve the issue.",2023-03-18 18:30:25
4fecadf9-81fa-4e07-ba2b-f9126441c5ac,David Haastrup,https://play-lh.googleusercontent.com/a/AGNmyxaSOSV2yskFQ1KDqlo4nvnOcHKWdKI4BaCwm94X=mo,User interface if good but I could be better. Also would like to be able to add a Verve card,3,0,1.8,2023-03-14 23:28:26,"Thank you for providing your valuable feedback. Please reach out to us at +2348098903000, if you have other suggestions.",2023-03-15 07:14:39
25e73f74-7104-4c02-8a3e-7121bd4aea5f,Nixon Mbachu,https://play-lh.googleusercontent.com/a/AGNmyxZkwyvyMfC58qjXV3esWZNZpHb5WVRVVy9Gjq9W=mo,Despite all my numerous complaints via emails back and forth replies I'm unable to access loans after repaying. The same bank account I used is now suddenly the same account your system claims doesn't match my bank sms? Wonderful,1,2,1.8,2023-03-12 16:22:44,"We apologise for the difficulties you experienced while registering with us. If you would like some assistance or additional information, please contact us via +2348098903000 and we will be happy to help you further.",2023-03-12 16:42:40
7dea95c1-6c35-4399-9800-37575b72212f,Johnson Skyfaze,https://play-lh.googleusercontent.com/a-/ACB-R5RFJbD8t7uJFu3oz3b6PrHApXcjPp7GylZ20jgI,The app I is no e but I have not been able to get a loan I still don't know why,5,0,1.8,2023-03-12 02:37:39,"Hi,
Please contact us at +2348098903000 to have your issue resolved.",2023-03-12 16:43:23
8554d8c9-c28e-4601-af21-cf71e7fb1ec4,MAYEGUN OLAGOKE,https://play-lh.googleusercontent.com/a-/ACB-R5QIP_cLANiBeWSeDdL-mM_iZBJtYLUHXIVBZ-__dw,They have good customer relations and they are easy to access compare to others,5,3,1.8,2023-03-09 21:52:39,Thank you for your encouraging words.,2023-03-12 16:43:37
c4528ae0-8bb3-480b-80a6-e8981cc04124,Adejare Abdulmalikayomide,https://play-lh.googleusercontent.com/a-/ACB-R5RhgJUA_zdEB3V28ANR-8nVWSwdwokxXh2Mo8bE,"nonsense app, àm unable to upload my pic",1,0,1.8,2023-03-03 08:14:32,"We apologise for the difficulties you experienced while registering with us. If you would like some assistance or additional information, please contact us via +2348098903000 and we will be happy to help you further.",2023-03-06 18:33:15
b9989ff3-143d-4350-881b-394ba94cce11,Quadri hammed Oriyomi,https://play-lh.googleusercontent.com/a-/ACB-R5RFvLkEtZaQq4MGKvL6PQm1p-O2RRvDvP8IMrgN,Good,5,0,1.8,2023-02-23 06:37:47,Thanks for the 5 star rating. Hope you continue to enjoy reading news on our app.,2023-03-06 18:34:45
c13c5db7-4d4f-4ed2-b102-7e09d4c009dc,Busiayomi Odeyale,https://play-lh.googleusercontent.com/a-/ACB-R5QyxlW0kKldt3OF8Cunk51bpdQCWalOyoEIzszN,What happened now am unable to create pin is just writing error,1,0,1.8,2023-02-23 03:14:12,Could you please uninstall the app and try again. Please reach out to us +2349137110506 if the issue persists.,2023-03-06 18:35:03
fa25b593-3479-48ac-a3cf-279f12ca193c,Daniel Benjamin,https://play-lh.googleusercontent.com/a/AGNmyxbkkWk7xLVsX8aCQB0xVtpxXAtSMXXhxd1HDFYZ=mo,"This loan app I must say is the best loan app I have ever try on, they're steps and procedures are very easy for one to request for a loan without been confused ?? Abit.. I must recommend this app for people who really wish for the best and lower interest rate loan app to go for this, urgent 10k-Quick loan is the best...just waiting for my loan to be completed then I will be back to rate a complete 5 star's...",4,9,1.8,2023-02-20 10:53:57,Hi! We are glad that you like our app. We'd very much appreciate if you have any recommendations/suggestions for us to get 5-star rating. Thank you very much.,2023-02-22 00:15:30
3e6749ae-ac65-417b-9388-7f6579ba8e0b,Mubarak Bello Umar,https://play-lh.googleusercontent.com/a/AGNmyxYXWY3AZzQh_OKAPyfE4IvtVHZMwjlHchmkyAe5=mo,Am so happy Tnx so much,5,0,1.8,2023-02-12 20:08:53,"Dear friend, we are really glad that you like our product. Your support and voice are very important to us.",2023-02-13 05:28:06
e0bb0bf2-0a90-4546-b992-91ec3b2aa2d6,Isiocha Chinenye,https://play-lh.googleusercontent.com/a/AGNmyxZff5bW9KrkSUIsHTnD_U-aaX851e9zi2EIMD4o=mo,Nonsense app no even try download the app because of all those ads u de see this app na rubbish them no deserve even one ??,1,4,1.8,2023-02-05 20:14:55,Thank you for your feedback and we are deeply sorry for the inconvenience. Can you please share the problem with us in more detail so that we can improve our app. Please contact us at +2349137110506.,2023-02-13 05:21:01
12646d49-5161-4a1d-9cbb-e2ba663ad257,Ogunselu Alaba,https://play-lh.googleusercontent.com/a-/ACB-R5SZWvvrBDjMWqbFPTeFfV4g8K_3cl_k-skPaK7B,Simple and straightforward,5,0,1.8,2023-02-04 21:53:47,Thank you very much for your 5-star review!!!,2023-02-13 05:20:38
fe15d603-14c8-4618-aecc-21574a707cc4,EMIVANT ONLINE-SCHOOL,https://play-lh.googleusercontent.com/a-/ACB-R5RMCN3PU_V8tSETKf1sORXeUg2LtvwINV1MmCGB0w,Amazing app. Excellent and mature customer service. Great interface and user fredly.,5,5,1.8,2023-02-04 08:17:35,"Hi, thank you very much for your feedback.",2023-02-13 05:19:47
ed7e001d-d16a-40c6-9868-31a6edf2bb66,Adesuyan Oluwaseun,https://play-lh.googleusercontent.com/a-/ACB-R5Q_zyQHWOaQOrz2P4ItEMOOXWvT9wN58wBaH42u,Nice app. Interest rate is good,1,1,1.8,2023-02-04 01:18:17,"Hi, can you please send us your account details along with the screenshot of the problem to +2349137110506 (Whattsapp) so that we can help you. Thank you for using our app.",2022-09-15 16:38:53
73fc34ba-eb16-428d-a87d-7489922e6186,Gabriel Angel,https://play-lh.googleusercontent.com/a/AGNmyxaQMVXW2vMcetsEvP-ZPweJcMp9gpFFr6MjCbe7=mo,Im so glad to this app very nice,5,0,1.8,2023-01-31 15:16:36,,
67146be6-14cc-408f-a731-f4efdb19c2d1,Obinna Echem,https://play-lh.googleusercontent.com/a/AGNmyxb8XdVUdCpnUrZN4csu4rsmwPfDS3YBiLxEp8La=mo,"Dont even waste your time downloading this app, they dont offer a loan , there is no provison to apply for a loan, after they collected all my information and when i want to apply for a loan , you cant see anything like that, after reading peoples review here i thought my own will be different , but its the same",1,11,1.8,2023-01-29 15:37:39,"Hi, we'd love to help you. Please write to +2349137110506 and our team will help resolve your issue quickly.",2023-01-29 21:26:53
ea4f9668-c803-4d9c-bdca-e97d52bc16ff,Adufe Darlington,https://play-lh.googleusercontent.com/a-/ACB-R5RsfKnVCOnE9nNpuaBwUJXq7Q1ssDCu0z7y_ZIi,Very useless... PLS avoid,1,0,,2023-01-28 22:31:18,"We apologise for the difficulties you experienced while registering with us. If you would like some assistance or additional information, please contact us via +2349137110506 and we will be happy to help you further.",2023-01-29 21:25:47
fdf1913d-2f97-42e4-984c-1749217d9b34,Chinedu Igwe,https://play-lh.googleusercontent.com/a/AGNmyxbbyQoA_isiRUJ9pPnpZHvFqRPJWqcLLpJ3z09b=mo,Rubbish app go and improve,1,0,,2023-01-24 06:21:51,Thank you for your feedback and we are deeply sorry for the inconvenience. Can you please share the problem with us in more detail so that we can improve our app. Please contact us at +2349137110506.,2023-01-29 21:25:25
f33c9bb2-ee0d-4224-8dcc-e29c35ebea84,OJO AYODELE EMMANUEL,https://play-lh.googleusercontent.com/a-/ACB-R5T6Z6SExK0IsqPx-Wbcq7bZYRuntukBOc-uOQTP,"Very stupid loan app. Nonsense, I hate you",1,0,1.8,2023-01-21 19:52:46,"We apologise for the difficulties you experienced while registering with us. If you would like some assistance or additional information, please contact us via +2349137110506 and we will be happy to help you further.",2023-01-29 21:24:50
06336588-3cb7-4c55-ac78-fa6d4167598b,adewale J adeyemi,https://play-lh.googleusercontent.com/a-/ACB-R5QXw4h07_q1r6o6eCe4OUdPnvXZJrBNTTgQrQCR2A,Perfect app,5,0,1.8,2023-01-17 19:12:08,"Hi, thank you very much for your feedback.",2023-01-17 20:21:36
ec65ce65-cda1-4083-8190-b4aa36abb84c,Victor keke,https://play-lh.googleusercontent.com/a-/ACB-R5QIufCDXzHg8yw-2nkHP6JOSS1Xg1GobQHsX4ZF6A,A useless app,5,0,,2023-01-13 19:01:30,,
cf788550-cd64-48c4-8a60-734e69a33e2f,Mariam Busari,https://play-lh.googleusercontent.com/a/AGNmyxZISkChX6IeqALBvIjp_3m4oCy5RQ0tFHOryk0H=mo,Very fast,5,0,1.8,2023-01-12 21:44:39,Thanks for taking out time to rate us. It really helps us to keep going and delivering the best :),2023-01-13 01:26:27
b022663b-0b31-48b7-8f5e-a4f31cb7c15a,sulaimon biola,https://play-lh.googleusercontent.com/a/AGNmyxbMzYscH6wcKH9y7dKEm-oy5lkHJ0z5Di8_tZ_J=mo,So wonderful and simple to access??,5,0,1.8,2023-01-12 07:33:56,Thanks for taking out time to rate us. It really helps us to keep going and delivering the best :),2023-01-12 07:56:06
91d103cd-b806-4b9f-9a7f-2473fda617a7,Ofomola Gift,https://play-lh.googleusercontent.com/a/AGNmyxbiwVQNEzQyKiX5NKcxdwKjlitDX6h4C_ihnDws=mo,I love this app,5,0,1.6,2023-01-07 00:12:55,Thank you very much. We love you too !! Keep using our app :),2023-01-07 20:31:51
b1f260fd-f545-490e-b915-707d616fa864,Pipper Fishers HiiTee,https://play-lh.googleusercontent.com/a-/ACB-R5Rx2xlEfvWaVEmP_JvuGorPz_TOSmquIvb_JH5W,Very good and relable ??????,5,0,1.6,2023-01-05 19:01:55,,
3629c451-db3d-4880-8f49-a36d423b1aa2,Mufazz Mufazz,https://play-lh.googleusercontent.com/a/AGNmyxbwhM_UTsybWmJ3sPxWTBuVd4mNbjQB2FkuChJC=mo,Please don't disappoint me like the other loan apps after finished registered they refused to give the loan and rhey have already get your vital info. Hope you are real not a scam app?,5,0,1.6,2023-01-05 10:09:04,"Hi, thank you very much for your feedback.",2023-01-05 20:44:52
9dad8058-755c-4a5c-923f-b78f6fad5b59,Umar Ahmad,https://play-lh.googleusercontent.com/a/AGNmyxYA4248mwFrvEqZxUgUxhvhFouh52KPmh5h2N5T=mo,This is the 5th time I'm applying for loan and I'm not getting it,1,0,1.6,2023-01-03 09:24:31,"We apologise for the difficulties you experienced while registering with us. If you would like some assistance or additional information, please contact us via +2348098903000 and we will be happy to help you further.",2023-01-03 18:53:04
7aa69d7b-35a9-4bd3-89d0-ce4c7b5db97b,ahanor sandra,https://play-lh.googleusercontent.com/a/AGNmyxa6lhLSeBJVTq7MBw-282FGs41DtUr-W7fKJpLv=mo,"I just replied today for loan from urgent 10k, I applied for 10k but instead places 5k on my profile, not approved yet l'm still waiting after my approval i will rate more.",2,0,1.6,2022-12-30 18:57:34,"Hi,
Please contact us at +2349137110506 to have your issue resolved.",2022-10-18 16:50:59
43d4c0b6-2fc1-4f4b-9192-8e3c8e7291d0,benita bako,https://play-lh.googleusercontent.com/a-/ACB-R5TpOJk0GhJ3ZezsxRhGGriPFLxLRHVfPMCCPgSXfQ,"Fantastic app, easy to use",5,0,1.6,2022-12-21 21:12:32,It is delightful to hear such positive words and it’s always a pleasure to serve our users. Thank you.,2022-12-21 22:00:19
3670e3c0-6be8-49e1-8a6d-2cc1d1d6924e,Michael Cox,https://play-lh.googleusercontent.com/a/AGNmyxbyso6oVslS5tJvWLW32uB2wclFm8FmI0JuL5lM=mo,My Best app for loan and they are so much grate.,5,0,1.6,2022-12-16 10:16:02,,
d7e7bf84-fc5e-470d-b993-314924341c6e,IBB Victor,https://play-lh.googleusercontent.com/a/AGNmyxYjy10S-W4Bcyu_6ZQscCyj8Tq-A-qrfi-02V_t=mo,Good,3,0,1.6,2022-12-14 22:01:26,,
6449ab2c-661b-4282-ada1-1fecb8d2865b,naija fitness and modeling,https://play-lh.googleusercontent.com/a-/ACB-R5T8UPXXLR8eIdrUVPz6qCkTQ6bJ_13Rv8E-BFvEIA,Durable and cool but a bit stressful...I have not been offered d loan sha but dey have to review my ability for the load,3,0,1.6,2022-12-14 13:14:47,,
af62c4a5-5a47-4673-a48c-e641264f4156,Ekpone Ogechukwu florence,https://play-lh.googleusercontent.com/a-/ACB-R5S8_Lipw7dA2ed0BGUULPhxCZsBle7kLKm5ygwr,Very good,5,0,,2022-12-08 02:18:18,,
3f444b9f-e9a1-4137-a78c-733775a3b7ca,Folake Adigun,https://play-lh.googleusercontent.com/a/AGNmyxYdeHdr_CNU5VUOjl_rTXWypKhLyNWpBbTwmDFT=mo,Easy to apply. Praying I get approved.,5,0,1.6,2022-12-07 17:57:33,"Hi, thank you very much for your feedback. We got you already.",2022-12-07 18:03:40
f6f8c7db-1209-47a4-8c53-f40949911637,Princess Chiamaka,https://play-lh.googleusercontent.com/a-/ACB-R5T4gFeQplVHc5A8TMuLA0iYgl6clH7zRsCJF5BMCA,Unable to sign up,1,0,1.6,2022-11-22 17:04:50,Could you please uninstall the app and try again. Please reach out to us +2349137110506 if the issue persists.,2022-11-22 17:09:20
8289fd14-c632-4d74-a4a2-f97581ceae45,ISRAEL ALABI,https://play-lh.googleusercontent.com/a-/ACB-R5TOjej5uyihM0EA8lDAPHW6gb29QAvFgYxg2dsg,"This is just a useless app have ever seen, noway to apply for loan. The loan page is just empty...",1,1,1.6,2022-11-13 04:14:56,"Hi, we'd love to help you. Please write to +2348098903000 and our team will help resolve your issue quickly.",2022-12-07 18:05:02
7ce437b3-485f-4eb7-b6bf-ef657fd5143a,Salihu Salex,https://play-lh.googleusercontent.com/a/AGNmyxbAQ8TJG3LlJEClICNrZy_CdngHbmSUjqPw9NEC=mo,Nice app,4,0,1.6,2022-11-10 19:23:30,"Dear User, thanks for your support. If you like us, please encourage us with 5? : )
",2022-11-10 19:37:06
d593f9e2-0d81-4d25-9e8b-a30707b099bf,joshua oyedepo,https://play-lh.googleusercontent.com/a/AGNmyxYofDAcaQs84S6uwyZSwJma6hCaZLJGvd9cyXVP=mo,Nice app. Timely delivered!.,4,0,1.6,2022-11-09 18:54:39,Hi! We are glad that you like our app. We'd very much appreciate if you have any recommendations/suggestions for us to get 5-star rating. Thank you very much.,2022-11-09 19:15:45
afaf255d-0557-4841-be96-5810d6b32f62,Aderonke Atolagbe,https://play-lh.googleusercontent.com/a/AGNmyxZUtsMc7T39bzQ8Z-G3OR4pVEw3asKgZb3Dv8Q=mo,Urgent 10k is one of the best loan app have ever sign up for. Easy to sign up....now m waiting for my loan to be disburse. Once they approve my loan I will come back and rate it 5Star. [30min later] Thanks to urgent 10k they just approved my loan without stress 5Stars 4 U !!!,5,0,1.6,2022-11-08 18:04:09,,
c54ba3ec-c8a4-4580-ba8a-149539008712,Olatunde Aroloye,https://play-lh.googleusercontent.com/a-/ACB-R5RGkfGHDt_UZTdZatMXYT9UWr7lPPXfojeJKUs,NOT FALLING FOR IT! The reviews tell you everything you need to know!,1,0,1.6,2022-11-06 10:24:15,"If you are unhappy with any of the features, you can contact us at +2349137110506.",2022-11-06 18:07:22
6f62ba19-c1d4-43ce-91be-4cf50707b033,Mahmud Abdullahi,https://play-lh.googleusercontent.com/a-/ACB-R5SIe5F91MHwvxNmxjNk87qG-24lIQBDH9bKIOvsgg,Fast to credit,5,0,1.6,2022-11-02 17:34:33,"Hi, thank you very much for your feedback.",2022-11-02 18:00:05
f34659fa-e97c-4a31-8297-d8396b5c3393,Mahmud Umar,https://play-lh.googleusercontent.com/a/AGNmyxaCu2C6QoW_Hx8kUDJby9Atz8znE9hSaTJyBO-X=mo,Fabulous,5,0,,2022-11-01 20:43:57,It is delightful to hear such a positive word and it’s always a pleasure to serve our users.,2022-11-01 21:15:09
adb67369-0a8d-4cd8-a43e-267a32962b2c,Ugochukwu Nneji,https://play-lh.googleusercontent.com/a/AGNmyxYKBmlOPvZu3thldPXmldk0G3Hg8TQ-5Zun8eg_=mo,Useless app please play store remove this app it's a scam I regret ?????? downloading this app infact uninstall time the will scam you report to you bank for safe of your credentials,1,0,,2022-10-31 19:24:45,,
31219bd2-d87a-4e51-829e-bc5146b59330,Anwar Sale,https://play-lh.googleusercontent.com/a/AGNmyxbfZQ02c3-kzzoli32yMbsv-Eav7vowJV28fqZa=mo,Very reliable App,5,0,1.6,2022-10-29 04:43:20,,
a886f105-3950-481c-967b-059062f64c2a,Ruth John,https://play-lh.googleusercontent.com/a/AGNmyxbx8pG_wvHFjrp0lI5t_VhZKb64NqizVH8Ec_gM=mo,"They stole my money. Pls don't download. They took#50 for binding card and after that, when you try to select, nothing will show. Is over a week now. Pls be careful, they are thieves",1,0,1.6,2022-10-28 03:25:36,,
69fa71d0-ad41-4d52-be89-e4ac2f91d648,Thomas Ogiaga,https://play-lh.googleusercontent.com/a-/ACB-R5QSAThFbUyLXqWPx80w_aPB775gnji4Ych73PrP,"I have filled all the necessary documents and was asked to bind my card,that I did and I was charged 50naira for it and still asking me to bind my card again for another 50 naira please look into it",4,0,1.6,2022-10-27 06:32:00,"We apologise for the difficulties you experienced while registering with us. If you would like some assistance or additional information, please contact us via +2349137110506 and we will be happy to help you further.",2022-10-27 04:46:30
90565b89-ccb3-4783-b84c-04db3b69c6da,Ori Dan,https://play-lh.googleusercontent.com/a/AGNmyxYOATGjX9UyxavMleBFvafqzR_mXKaIG1w6SPQF=mo,Easy operation,5,0,1.6,2022-10-25 21:50:08,"Hi, thank you very much for your feedback. We appreciate it.",2022-10-25 21:54:57
cfe6685c-956b-43c5-8437-e0a02d50c353,Joy Sawari,https://play-lh.googleusercontent.com/a/AGNmyxaRBh-YaarkxQ4ThqZfLs6jgE2-eSgUQVzbluRl=mo,Does it even offer loans? No,1,0,1.6,2022-10-25 19:04:44,We understand this can be frustrating. We are working towards making this better. We would appreciate it if you could send us the details at +2349137110506.,2022-10-25 19:15:27
6db047c5-0be8-4a07-9004-d5bbd19285b1,stephen Ihiene C. Oduh,https://play-lh.googleusercontent.com/a-/ACB-R5SFGDWO37f1wFoAMgi0TqsJjQO5FG7oGaao0MxniA,"What a horrible app! How I wish I had listen to the post from other people earlier. I am suspecting this app, I downloaded and filled every details and getting to the dashboard, there was no step to apply. Infact no tab displayed anything. Wasted my data and time and achieve nothing. How am I sure all my data collected are safe!",1,34,1.6,2022-10-25 04:55:24,,
d034b909-c920-4b99-851a-6b8c39d0ec46,Gift Igho,https://play-lh.googleusercontent.com/a/AGNmyxabMvPzIimKQIY22Eey7zzT5VaDwKoLR4-7LDEf=mo,Let's wait until approval,5,0,1.6,2022-10-23 22:34:57,,
ce9edfc9-b8a4-4fc4-9499-6a9913e5b5e0,HAPPINESS AJEIBI,https://play-lh.googleusercontent.com/a/AGNmyxaPRfBnjQxOGqLOqMf_x05JSrKPNvXJVOdLOGok=mo,Why was my loan declined and you people deduct money from my card,1,0,1.6,2022-10-23 18:25:22,,
fa461232-f144-411a-b147-dcb54125dbf1,Olamiloku Abdutarj,https://play-lh.googleusercontent.com/a/AGNmyxaFUPDj6iGWFSt0Cy1TegvnOEscUv_g2NSw_xIZ=mo,Good,1,0,1.6,2022-10-21 22:25:57,,
cb77f594-d271-4c41-986e-93bd58e30571,Kehinde Osonaike,https://play-lh.googleusercontent.com/a/AGNmyxa-Jk-paxoqt60x9rJXPhfcaH3stPmMc11X0JZ4=mo,Very good app nd i recommend it to everyone that is one of d best app so far but still waiting for my disbursement,5,0,1.6,2022-10-21 19:55:30,,
14cc76fb-2f7c-4bb1-91a6-9216829056dd,Daniel Raphael,https://play-lh.googleusercontent.com/a-/ACB-R5TZQTM1AKojA88lNFeeV5-vct1gNwo4BRP397k4,Nice app for sharp urgent loan offer,4,0,1.6,2022-10-21 15:09:33,,
e8b26d78-1a54-4342-8101-b912850e9b02,Oni Victory,https://play-lh.googleusercontent.com/a-/ACB-R5QTeBexfQlkngUmVk1lKUGAPdPlLwI_NwU7UXQqC2w,The loan segment isn't working.,1,0,1.6,2022-10-20 20:58:54,,
01dcb5b7-7c38-4bb4-8112-2b74f0a024e8,Obedience Taye,https://play-lh.googleusercontent.com/a/AGNmyxaS3laHlXHRkrgKAjAU7EUi3UXmZN_80gPDzp2-=mo,The procedure Is very easy and straight to the point . just applied for a loan waiting for disbursement.,4,1,1.6,2022-10-19 23:19:23,,
f48c1b58-9678-41f6-a0ca-0a87164f22e0,Rosemary Samuel,https://play-lh.googleusercontent.com/a/AGNmyxZcQgSF-4_GNb8fzp3Fgujjozl1TCs8Cwm0qX0U=mo,What an amazing app,5,0,1.6,2022-10-19 20:04:11,,
fac25907-509a-4f6e-884a-6d1d09df529e,Ebunoluwapo Odole,https://play-lh.googleusercontent.com/a/AGNmyxbvAOUj7_iBKYwxGTzUXJy2UCU53Lwk2J0P24cq=mo,Very good and interest rates very low with long duration just dat they need 2 give higher loans 4 business use,4,1,1.6,2022-10-19 15:14:59,Thank you for your feedback. We are working on such a feature.,2022-10-19 17:21:01
d8e2bd81-8cb5-4c46-b464-3a4e21642c06,Fatima Aminu,https://play-lh.googleusercontent.com/a/AGNmyxacghR9RiSEI3EbRHRH2JdaKfXHM2qMtR1usds4=mo,It's not bad excellent so far,1,0,1.6,2022-10-18 15:17:17,,
f84156f3-3824-4d63-be12-37fc810defc5,Ashley Michael,https://play-lh.googleusercontent.com/a/AGNmyxaeRX7w6p_uRTn-a299i-lyly4l-9TscuwQmt_P=mo,Very easy And nice loan app,5,0,1.6,2022-10-15 23:37:38,,
3c5825b5-5df6-4c81-911d-d1f7199fcefc,Awugo Samuel,https://play-lh.googleusercontent.com/a-/ACB-R5REswDhzneynicXqUHgp4sujiLL1t7VvtjDtezxsQ,"very good app easy to access,but my loan hasn't disbursed now, is over four hours which I apply.",5,1,,2022-10-15 00:21:35,"Hi,
Thanks for your feedback. We are continuously working on adding more features to our app to make your experience better.",2022-10-15 00:14:25
5e321e6e-a962-4419-b896-e9eb5c07cb3a,Edafe Tejiri,https://play-lh.googleusercontent.com/a/AGNmyxbgU9pIKLJbLSYKOpLGj8Ccyn8AyBMQatbwlMOq=mo,"Fast, I hope my loan is disbursed. Would recommend it",4,0,1.6,2022-10-14 23:34:56,"Hi, thank you very much for your feedback.",2022-10-15 00:11:49
efdce807-1748-42bd-8b83-4bfbd27d1c96,Emmanuella David,https://play-lh.googleusercontent.com/a/AGNmyxb5m9Bb4BUJwJ7PODEKKNMQINFE8ISGuk1OLKaT=mo,Good experience with this app. Well done guys.,4,0,1.6,2022-10-14 19:48:32,"Thank you! If you enjoy using the app, please rate us 5 stars. It would encourage us to continue improving the product!",2022-10-15 00:12:23
acb018cf-da78-4691-a3e1-c09806fa4369,David John,https://play-lh.googleusercontent.com/a/AGNmyxYa1hbnzdFT90JwPSeyCo53Rv-U1hBVJpA3V0Fz=mo,Great app of d year ????,5,0,1.6,2022-10-14 19:29:25,Thank you very much. Keep using our app :),2022-10-15 00:14:09
d7332c08-6b1c-4e19-a6df-d63b873085a8,Raphael Onos,https://play-lh.googleusercontent.com/a/AGNmyxb2sq3kfNhE-MhqgSJ3YCArfObm0WOo_pleTF2T=mo,Easy and Best,5,0,1.6,2022-10-14 19:16:12,Thank you very much. Keep using our app :),2022-10-15 00:13:52
30307657-3e5d-4836-b58d-bd3a387f2acb,Legendexclusive Barbershop,https://play-lh.googleusercontent.com/a/AGNmyxbB1RXNDHf45a-BUjar3CVQ-RfiNYwezcqRnU0H=mo,Nice,2,0,1.6,2022-10-13 20:04:26,"Hi, if you like the app, could you please give us more stars?",2022-10-15 00:13:36
52812c46-4910-4b4a-b8c9-32c55f5ffbfd,EAGLES WATCH,https://play-lh.googleusercontent.com/a-/ACB-R5SY9Ss4QAQxX_7mALqnaaURpRIaVzaOgYwTAXUahg,Awesome app. I just applied and hopefully I will be given the loan,5,1,1.6,2022-10-13 19:27:18,"Hi, thank you very much for your feedback.",2022-10-15 00:13:21
fae12801-a828-4dc5-93d3-1e5962afb9bf,Danielo Lupe,https://play-lh.googleusercontent.com/a/AGNmyxYvmQ-Gg_F5jVxUGkUVUSsF5Fe1FCTLunuvxWSx=mo,Greatest,5,0,1.6,2022-10-12 21:26:02,It is delightful to hear such positive words and it’s always a pleasure to serve our users.,2022-10-15 00:13:00
ad7b6d33-525b-424d-a8e9-a95eac71f241,Akerobe Emmanuel,https://play-lh.googleusercontent.com/a/AGNmyxbZNbZn_Kf8hrjF-B9qljSxGyKqMM3A2yT2Txbl=mo,Nice app to use but so stressful to register,4,0,1.6,2022-10-12 19:31:21,"We are glad to inform you that the issue with registration has been sorted out. You should be able to register seamlessly. If you have any other trouble, please contact us on +2349137110506 and include your mobile number.",2022-10-12 19:56:24
f2615a09-a1cb-475c-9848-a16d2f0869f5,Justina Justinanwa,https://play-lh.googleusercontent.com/a/AGNmyxbrV-CfDuOIOukOLv6mesFlVHLh3VdFK5V80PH1=mo,"This app isn't bad, it takes due process tho but is ok. Will grade it 5 star will am credited.",3,0,1.6,2022-10-12 16:33:58,"Hi, thanks for using the app. We'd really appreciate if you could rate us 5 stars here on Google Play. Rating is very important to us in establishing trust with our user base. If you have any concerns or suggestions, please do not hesitate to contact us at +2349137110506.",2022-10-12 19:57:26
0ff99132-934d-409c-abc5-caba44daaff4,Fari at,https://play-lh.googleusercontent.com/a/AGNmyxYmiaGVdbv0OzuIOsWdN7q2mTixdBi3PCM01-v5=mo,Best loan app ever,5,0,1.6,2022-10-12 15:21:53,,
b2f53e32-a00f-44b3-bff8-003763fe9d04,Bankole Akinwumi,https://play-lh.googleusercontent.com/a-/ACB-R5T7m79UfHp0HRxnLSHpp-ZsqRzFtXL2BihT0MTCxCA,"Very good experience using the app, i strongly recommend it to anyone.",5,0,1.6,2022-10-11 11:06:03,It is delightful to hear such positive words and it’s always a pleasure to serve our users.,2022-10-12 19:57:36
cd2e93ff-7144-462c-a56d-bd6cb9d70ca2,Ufot Samuel,https://play-lh.googleusercontent.com/a-/ACB-R5ThDrOT9bVPMb3s2yYfGqvVJRKITNszufaIF0AROg,"Ever since I started using this app, it has served as a great means of taking care of my financial needs, the customer care has always been supportive. Thanks for always showing up for me.",5,8,1.6,2022-10-10 22:11:17,"Hi, thank you very much for your feedback.",2022-10-12 19:57:55
a99edfd6-02e7-4797-ac32-ead5a4d045a6,ekokotu okeoghenemarho,https://play-lh.googleusercontent.com/a/AGNmyxYamDHUlYEK0MtXFMFtX_Ck9V-ko17xF9DhgbUW=mo,Fantastically superb,5,0,1.6,2022-10-10 17:56:49,It is delightful to hear such positive words and it’s always a pleasure to serve our users.,2022-10-12 19:58:10
65faa61c-e7cf-483c-99c6-e3bf00ac75a7,Batholomew Nwuchola,https://play-lh.googleusercontent.com/a/AGNmyxbRB2csKrv3AQmEuY7DkNqL7C2dTkjfNbeDuC63=mo,"This app is not good at all, after someone pay for a loan to get another one is a problem, saying they have a technical issue nonsense, playing with someone bussiness money",2,2,1.6,2022-10-10 04:44:12,Sorry we do not support payments to Palmpay or Opay accounts. Chat with us on support.,2022-09-25 21:09:59
06126423-9ee9-45b2-82ee-df3fc0e0985f,Taiwo Timothy (Sky),https://play-lh.googleusercontent.com/a-/ACB-R5S1yKzxSJKMYNXuSz1iT-enr3yDLOQ_3MxVN6EI,Nice loan app,5,0,1.6,2022-10-09 04:36:50,"Hi,
Thanks for your feedback. We are continuously working on adding more features to our app to make your experience better.",2022-10-12 19:58:32
84a8ce01-e39f-494c-9f7b-066937ce418f,Uche fidelis Ihuarulam,https://play-lh.googleusercontent.com/a-/ACB-R5TeJOv6kWuIdRoTxvd0z7I743qE7I3ESV6sZEDO,"After waiting for some hours to disburse, then comes too many questions, your working address etc",2,0,1.6,2022-10-09 04:20:07,"We apologise for the difficulties you experienced while registering with us. If you would like some assistance or additional information, please contact us via +2349137110506 and we will be happy to help you further.",2022-10-12 19:58:42
059a525c-cb15-4b8b-a515-84737b24683a,babatunde emma,https://play-lh.googleusercontent.com/a-/ACB-R5SgfnOu4x-JhUK7ZVxzAhdABFgBar0fBaYziSEycw,"Simple registration but after binding my card,to enter my transaction pin ,it is rejecting it, please work on it.",2,2,1.6,2022-10-09 00:14:45,"Hi, can you please send us your account details along with the screenshot of the problem to +2349137110506 so that we can help you. Thank you for using our app.",2022-10-12 19:58:55
36f0f6f1-0900-4ea9-938d-1b64f6ca5490,Adelola Sunday,https://play-lh.googleusercontent.com/a/AGNmyxY2z63MzCEUsAvtYS6b1WHhb8d-A40NqdGxoXWr=mo,Is okay but I will complete it after disbursement,2,0,1.6,2022-10-08 20:30:10,,
9a5f130b-c26a-4133-84e8-fc41819579b0,David Umoh,https://play-lh.googleusercontent.com/a/AGNmyxYYoDnfi2HeoXfuz50CQNS0OxKdSg0dB8C7A4Tb=mo,Just taking my second loan from you guys ....you guys are simple wonderful,5,0,1.6,2022-10-06 21:29:27,"Hi,
Thanks for your feedback. We are continuously working on adding more features to our app to make your experience better.",2022-09-25 21:10:41
09b71204-bc09-40e8-849d-5009b354f3ab,Owolawi Akinleye,https://play-lh.googleusercontent.com/a/AGNmyxafk0_ysmxPEA2vG0uwudQZr49zwQzJIgh_1FNj=mo,"This app is very good, I recommend this loan app to anybody who needs urgent help, they will not disappointed, keep the good work",5,1,1.6,2022-10-06 13:27:52,,
d6cbd0bd-d5f3-4a42-9180-be1b28555b67,David Okoh Bassey,https://play-lh.googleusercontent.com/a-/ACB-R5San9BjN1ASCJji4EWGufGoBUWTt8mfZPY5HrYnng,I tried registering but the app couldn't validate my BVN..,1,0,,2022-10-05 18:07:08,"We apologise for the difficulties you experienced while registering with us. If you would like some assistance or additional information, please contact us via +2349137110506 and we will be happy to help you further.",2022-10-05 19:24:11
200e845d-fbe8-47b6-b822-2f03bbc5343c,Barbara Ybarra,https://play-lh.googleusercontent.com/a/AGNmyxYemQDK4edE_SYWetzocisk6cVK-oe1pb8uIJw5=mo,You guys have approved my loan and I've placed a withdrawal but since I haven't received the money in my bank account why,3,0,1.6,2022-10-04 04:16:57,"Hi,
Please contact us at +2349137110506 to have your issue resolved.",2022-10-04 04:53:05
25ebfc8f-73be-4d94-8a7e-72baf653e0a9,Godsent Ubhi,https://play-lh.googleusercontent.com/a/AGNmyxbLpiMUwkU-S7v6W-JIyhl1j5pfxk93XNBkqDvn=mo,"Password working until one day it says invalid credentials, I did the forgot password, changed it and immediately it said invalid credentials again, I've been unable to login since.",1,35,1.6,2022-10-03 16:01:06,We regret the inconvenience you had to face. For better assistance please share your information with +2349137110506. We will be happy to assist you.,2022-10-03 21:14:38
e0a35d94-fc41-465f-90d1-4ab371f863aa,Chinedu C. Amuzie,https://play-lh.googleusercontent.com/a-/ACB-R5R6ZmNp4iwut-uG1zzVmP8w-0yNKuO6y3jHoTED,So far so good!,4,0,1.6,2022-10-02 21:50:50,"Thank you for your review! If you have any suggestions on how we could improve and enhance your user experience, please don't hesitate to share them with us.",2022-10-03 00:04:56
dd0af721-5b3b-45ea-bf75-87392569e124,Abugbe Stella,https://play-lh.googleusercontent.com/a/AGNmyxYX1YT_0G_tqKwYPUqjye5M89IYJYY40naMAJgZ=mo,"Good app, very reliable and trustworthy,i will recommend it for u",5,0,1.6,2022-10-02 20:21:29,,
b794c1ae-ddb0-48ef-980a-040f4b2ff281,Joy Onome,https://play-lh.googleusercontent.com/a/AGNmyxZJS4V6MADfiCnh9QkaA9398qYoCTNsKqyYBD7R=mo,The app is really good for loans try it ou very reliable,5,0,1.6,2022-10-01 19:14:14,,
fcfc36cf-8a23-4e1f-afce-284d5f2c82ff,LEONARD OKUSONOGU,https://play-lh.googleusercontent.com/a/AGNmyxa8fqpNnQ94VnzEMx0Dv7RbI27uNwgWxDlYQ8Ht=mo,"Very interesting to use.. Good repayment plan, and nice start up amount. Kudos..",5,2,1.6,2022-10-01 13:39:24,Thank you for your encouraging words. So very kind of you.,2022-10-01 14:56:46
680c947b-9ff0-4096-833e-666425e1811a,CY & NYASH,https://play-lh.googleusercontent.com/a-/ACB-R5TXJ8jXjo69JQnAZqQ_sdarBbxSf2zfDUao1D5epg,Best loan app and easy to apply,5,0,1.6,2022-10-01 13:31:00,,
da78f863-137b-43b2-b115-14dc1f1796ce,Umeh Joy,https://play-lh.googleusercontent.com/a/AGNmyxZ7vydqS7pA8RQ-5BAloZFG7NIfp5dV7LyB3GsL=mo,"My delay withdrawal have been credited backto mu UGT, i love the way of the app, follow who know road, urgent10 know road, but the last withdrawal still hang up agail",5,10,1.6,2022-10-01 07:34:23,,
f54297f4-cbf7-4f4c-82b4-46be0778ad95,Micheal Henry,https://play-lh.googleusercontent.com/a/AGNmyxYJ45tQVNbZOM3c05YEl1oN0dPhlsID_f79wJKH=mo,this perfectly good I love everything about this app thanks to the developers it can also served as bank not only loan app,5,0,1.6,2022-09-30 15:01:28,,
643482e3-587e-40cc-8001-c178aeb6ef74,Faven Dautur,https://play-lh.googleusercontent.com/a/AGNmyxb2kY0SMgR3QAn2mNlizwULfFT--OHg_bIH2Z1B=mo,The app looks promising but it is a wack. don't waste your data downloading because it is useless. Applied for a loan and it keep showing pending application for past hours,1,41,1.6,2022-09-29 19:41:12,,
086ece4b-b66f-452a-8492-1a480d04a266,Olamilekan Olufela,https://play-lh.googleusercontent.com/a/AGNmyxaEwPXYJM5h2qvqSMmoiLGsnR1VtK0NOI3h_Vd5=mo,Good App,1,0,1.6,2022-09-29 14:56:36,,
8ed4c93c-7dc4-4068-b57f-808bca32a9a4,ONAOLAPO EBENEZER ABIODUN,https://play-lh.googleusercontent.com/a/AGNmyxabx4y6Iz4d1CFlrSz0m-4DOTcjvDrP9Vl_YV89=mo,This is awesome. The app is very good,5,0,1.6,2022-09-29 03:37:13,Thank you very much. Keep using our app :),2022-09-29 06:00:26
8217bb62-b46c-4db7-ac84-ad0a8a480547,Jibrin Ya'u,https://play-lh.googleusercontent.com/a/AGNmyxankL-L90bU-Vxo70frB3TyIyG1vrAyrQzSkmnm=mo,Great usefull apps with organise repayment schedule and soft interest.,5,1,1.6,2022-09-28 02:30:59,,
377e1eef-3441-4073-a404-f861b5e30055,Alejolowo Qodir,https://play-lh.googleusercontent.com/a/AGNmyxZ8XmswAgbNbUEBXbeiRsXXqc7nyXrv7QqLNadW=mo,I never received my loan but I will still give you 2star untill it was done then I can complete the star,2,0,1.6,2022-09-28 02:15:49,,
39692bde-aed4-459e-bb66-33f3302bee75,Fadiya Segun Ademola,https://play-lh.googleusercontent.com/a-/ACB-R5Se4n3OmhGQk4x2SO6jOHYro_-L3Qc4rs2x_-cf,"Nonsense app......i withdraw my savings of #15000 urgently when I need money and they dont disburse it, i sent messages times without number and they're yet to do something on it and they're reminding me of their 6k.",1,1,,2022-09-27 12:44:06,,
1b41fa50-1451-4d3c-a328-9584994f7d44,Haleemat Okikiolah,https://play-lh.googleusercontent.com/a/AGNmyxZTeIqnEjs7C9FMYzt1C6C_2xCAb5Mt4EHYIPdz=mo,I will be so glad if this app is good to use if the service is good they will enjoy me,5,0,,2022-09-26 19:00:56,,
9c513df1-1bc0-4bf7-a867-054d34a7062f,Lateefat Motunrayo,https://play-lh.googleusercontent.com/a/AGNmyxYJ764990-HswmIEfIqOP3ohmJZXSe8qYs-OiY_=mo,"After you credited me,I will give you the remaining stars",2,0,1.6,2022-09-25 19:18:12,,
42f8ddc1-f326-4534-8761-e99bfd4a3e37,Blessing Tochukwu Ani,https://play-lh.googleusercontent.com/a/AGNmyxawO3STKhQEgCjcFcweAxN3Po2voRkJwQjLqnZe=mo,Ver nice app simple and low interest,3,0,1.6,2022-09-25 19:13:20,We appreciate the feedback! Please let us know how we can earn your 5 star rating.,2022-09-25 21:08:53
b2277a31-0bf3-4a41-b438-2109a208ee1c,Iyanu Olojede,https://play-lh.googleusercontent.com/a/AGNmyxbaBAaSYOCl0ln-6PggbWG5iaMRktJ9GTP-kwUI=mo,Straight up app.. nice,5,0,1.6,2022-09-25 16:35:53,"Hi, thank you very much for your feedback.",2022-09-25 21:08:09
e659d599-1132-4e27-81cb-8202bf90d87c,Tyolumun Joseph Avaan,https://play-lh.googleusercontent.com/a-/ACB-R5TMT7GK29Rd5shxLTsf8QH-mS_AeO7qlivRjcN7,A mess,1,0,,2022-09-25 06:25:17,,
e5dad5fe-33aa-4a58-ae88-07f003703c45,Israel Laya,https://play-lh.googleusercontent.com/a/AGNmyxYDSIwmL6EVDAjPgo5N3_I6T3zp4CC_NwOAkok=mo,Though expecting my loan. Hope to increase the stars when successful,2,0,1.6,2022-09-24 23:26:57,,
67624dac-cfe7-409d-89a3-73089c704de2,Mhiz Empress,https://play-lh.googleusercontent.com/a/AGNmyxY2vzSpmOiPCfwDTZQtVVDoCY4vbSsoR4BuDo4a=mo,Very easy app hoping to get my loan,5,0,1.6,2022-09-24 22:46:08,"Hi, thank you very much for your feedback.",2022-09-25 21:10:19
ca7aa69b-2524-4341-9c1e-b8d8d9f0aff2,Abiodun Azeez,https://play-lh.googleusercontent.com/a-/ACB-R5T4MII79lrITls1u-7TDY7jwUgx5SjufKMQ6VoUlg,Can't give precise comment because I have not received any loan yet to know if it reliable unlike other,2,0,1.6,2022-09-24 05:17:20,,
741529cb-88ed-4352-8cb6-40815b3768c3,Atos Mira,https://play-lh.googleusercontent.com/a/AGNmyxZQVf0jduqRMz7o2Ane3Hj12r37A-SGhrddMOj3=mo,The registration is easy And smooth .I just apply for a Loan and am waiting for them to disburst it to my wallet. Am ratting this 4star for now.,5,1,1.6,2022-09-24 00:47:32,,
74743abc-b43c-4762-93bc-4c2dbce427d7,Esther James,https://play-lh.googleusercontent.com/a-/ACB-R5Rc7zvfq8E-z7MhgehucAMK40IG20Je04jdT4ndhQ,Wow what an excellent app,5,0,1.6,2022-09-23 02:53:20,,
35384af8-ce87-407d-8d81-66cf9cf794f6,Azeez Moshood,https://play-lh.googleusercontent.com/a-/ACB-R5Sxjtk1zb6N5GCT6cV8QujPXuPUh2hf9oleWCWp,Good loan app,3,0,1.6,2022-09-23 02:38:03,,
4c26bb32-d2e2-4a0c-9ab7-8ec5e882c634,Idehen Elijah Daniel,https://play-lh.googleusercontent.com/a-/ACB-R5S1gZltI78x6GgJdiSQH7w5CErfNaAQbSaZ7hZBkA,Good so far!,5,0,1.6,2022-09-23 00:02:46,,
40968aac-cc93-4724-a568-6cb7a73feec3,Adenekan Oluwaremilekun,https://play-lh.googleusercontent.com/a-/ACB-R5TFIYFsX15x5P6qftODrowRCXLgDNrEVH-03Ip9nw,My limit is small,1,0,1.6,2022-09-22 20:00:34,,
dd3547d2-fd42-442e-93c0-6f8c8ba489b8,Tokunbo williams Ibrahim,https://play-lh.googleusercontent.com/a-/ACB-R5R4qXwFOYe_YVbN250mUQe3YEgB6uhKacoeXBMc,Good and easy intres,5,0,,2022-09-22 19:59:01,,
cbfbf2d0-6ba5-4d06-912e-1c9aeac28ea5,Busari Tairu,https://play-lh.googleusercontent.com/a/AGNmyxYGRK_1YILNLjmScAbVmwfKszugdRK4u-ePT0mg=mo,Urgent10k na real app loan fast proses,5,0,1.6,2022-09-22 16:14:38,Thank you for your encouraging words. Thank you !!,2022-09-22 18:01:46
a8db9116-e0e3-40e0-b003-698874687f04,Ajibade Adewale,https://play-lh.googleusercontent.com/a/AGNmyxbFe87DGLupFQGbvufkN0k3Lkn9jYwBX9yL9Qi2=mo,"It a good experience at first but later bad,I can't login again,it saying an unknown error that I should contact customer Care support,but what is there customer care line...",1,19,1.6,2022-09-22 11:21:18,,
515e5748-7d1b-4688-a453-d744f64eb7f9,John Kenedy,https://play-lh.googleusercontent.com/a/AGNmyxZLEdFWsBuybgUbOmgg8sbuKWXJQeAwJRF8V4fc=mo,"U guys no u won't offer loan so y deducting 50 for adding of card, and I was debited 3 times, pls refund",1,0,1.6,2022-09-21 23:47:27,,
5d9c1f9c-8e38-4160-888b-f49db1e426ce,Osaro David,https://play-lh.googleusercontent.com/a/AGNmyxYuTUqT5zEyzvicrjhnDZCiqrl_ZrQERF0NAfHN=mo,Good,5,0,1.6,2022-09-21 21:02:10,,
88d1b808-3ef2-4068-aec8-22d9f50129aa,Ibrahim Waliu,https://play-lh.googleusercontent.com/a/AGNmyxYxR4dyEHriuWKPQilyVisaBfgO74EiNAWM8hCc=mo,People are saying is good,4,0,1.6,2022-09-21 17:46:30,Thank you for your interest in our app. We will appreciate your personal rating as well.,2022-09-21 18:08:57
a789f2d9-8cfd-4b58-9576-9673664f243d,Johnson Oluwasegun,https://play-lh.googleusercontent.com/a/AGNmyxZaHSrL18MLnX14k2nWVE6EkS-Q9SsDI3X_RTM=mo,"Best loan support app,my regards",5,0,,2022-09-21 00:49:47,"It is delightful to hear such positive words and it’s always a pleasure to serve our users.
Thank you.",2022-09-21 02:20:12
3173d164-2abe-43a7-b766-896d62d6fac7,Opeyemi Abidemi,https://play-lh.googleusercontent.com/a/AGNmyxZHN867LpfvHj-VypG-uegZbsrqw0jGmB164njzKg=mo,"This app is a complete nonsense, you guys should return my card binding fee",1,2,1.6,2022-09-20 19:46:52,,
c605a45c-56e9-4062-927a-1640c7178546,Adedeji elemoro,https://play-lh.googleusercontent.com/a/AGNmyxbtFmfCKLgeNQaHcdalAYgZ2mLCz1ekSK6o6P4=mo,Good loan app,5,0,1.6,2022-09-20 03:17:05,,
93374f37-4487-4989-ab36-42a8aa82f41c,GIDEON MORENIKEJI,https://play-lh.googleusercontent.com/a/AGNmyxaTOBgf2eN04UFKCuhnvDG6DTgSCWvu-Nmof6XB=mo,Very intresting,5,0,1.6,2022-09-19 05:14:41,,
a274895a-935d-4000-a097-f577d506c3ac,Onuh Precious,https://play-lh.googleusercontent.com/a/AGNmyxaJ62a6LaIj0kaDCyqThnrPxEoC9X4FAr-NvHwn=mo,It is fast and reliable,5,0,,2022-09-18 16:38:50,"Thanks for taking out time to rate us. It really helps us to keep going and delivering the best :)

We appreciate the review from you.",2022-09-18 18:47:42
3ccd3732-f077-42da-92f3-8a97791adb69,ATIKU ABUBAKAR,https://play-lh.googleusercontent.com/a-/ACB-R5TpIXAwmxI5Zpk62-g3lvuR84vfNxv3PSalE-8H-A,Urgent10k is cool and fast,4,0,1.6,2022-09-17 18:28:22,,
b3e71af7-f76d-4f8e-b28b-7346fbe332d7,Charles Charlibobo Uchenna,https://play-lh.googleusercontent.com/a-/ACB-R5S3XdK4BozcZZ1FN34lN8QdZBHjk4chDanOs9ig3Q,Terrible scam,1,0,1.6,2022-09-17 16:02:59,,
d65e23bd-6f7a-477d-bb08-9944c4f4e364,Loveth Jay,https://play-lh.googleusercontent.com/a/AGNmyxYZMmBZX0ejzgcnc4Nu_0px03lTDLyCuunEBgEV=mo,"The don't deliver withdrawn funds that the approve. I told you people don't send me repayment messages again. You said you will sort your app out, pls do it and take back your money where you sent it to.",1,4,1.6,2022-09-17 15:47:07,,
38167a99-2b7a-46ba-8dbd-f86ccf30a763,ADEDIRAN OLASENI,https://play-lh.googleusercontent.com/a-/ACB-R5QR16rXBaKsGYiMyLL0SzyGPsgHJTo06Xz4Gh9IpbQ,The app is not bad but you guys are taking forever to approve my load of just 5k.. till now the money has not been approved and you guys want me to pay back the same say it expired if it was approved.,2,2,1.6,2022-09-17 15:15:41,"Hi, we'd be happy to see what happened with your account. Please contact us at +2349137110506.",2022-09-17 15:31:23
fcdcd4c0-b9ac-44c6-91b5-9db0f035c624,Abdulrafiu Olayinka,https://play-lh.googleusercontent.com/a-/ACB-R5Qo3H2_WLXZuN8vBI7jEAJQsCGdsQLf6as0GXZS,This app is a scam app they deduct #50 in my account and they don't give loan,5,0,1.6,2022-09-17 03:37:43,Louder !! It is delightful to hear such positive words and it’s always a pleasure to serve our users.,2022-09-17 03:16:06
40fdde57-dc22-4da1-9614-a91fb0863ed3,Christopher Jerry,https://play-lh.googleusercontent.com/a/AGNmyxaZWY6LtYRV2vq5Kzyfyz416S221cncCF9KpoY=mo,It's fast but waiting to receive the money so I can complete the Star ??,2,2,1.6,2022-09-16 06:23:02,,
2f1dc197-bb4a-49bb-8f6a-77d3dfbe8bf2,prince otuwa,https://play-lh.googleusercontent.com/a-/ACB-R5SkgFiOO1DxbKJ04fyv7OQ7c2x-plBnjEVP7WCy,Cool,5,0,1.6,2022-09-15 06:17:17,Glad you like it! :),2022-09-15 16:36:00
8e98b318-8e21-464a-a1cb-a2576445c693,Mavyn Draky,https://play-lh.googleusercontent.com/a-/ACB-R5SdPhalBo6Hi2mMxNH1LRqalTtUPTt0ZBLtH1Ki,At the review show the app was this awesome but after logging in and completing the necessary information it turns out to be something else for the an hour still pending request on a loan I don't understand,1,4,1.6,2022-09-14 22:37:41,"We apologise for the difficulties you experienced while registering with us. If you would like some assistance or additional information, please contact us via +2349137110506 (Whattsapp) and we will be happy to help you further.",2022-09-15 16:36:41
1def5616-ee61-4eab-8166-e1377701c460,Nike oye,https://play-lh.googleusercontent.com/a-/ACB-R5RoBdB7-PTLjhCMIMN3umvl4FZkuD2ZoJSNy9QjaQ,Fast but still waiting for approval,3,0,1.6,2022-09-14 22:02:33,Hi! We are glad that you like our app. We'd very much appreciate if you have any recommendations/suggestions for us to get 5-star rating. Thank you very much.,2022-09-15 16:36:53
8312ab90-a7b0-469f-8a45-0e5d6b83042d,Victoria Abesin,https://play-lh.googleusercontent.com/a/AGNmyxbcM3soCwx0ii1c39iChXarM0obeUf4KEOgW9Hw=mo,I'll give 5 star when my loan is approved It's easy to access,4,0,1.6,2022-09-14 18:12:45,Hi! We are glad that you like our app. We'd very much appreciate if you have any recommendations/suggestions for us to get 5-star rating. Thank you very much.,2022-09-15 16:49:28
564c9174-9c5c-4c4d-a625-4c8f3f5047ce,Francis Emodi,https://play-lh.googleusercontent.com/a/AGNmyxam_zHQhm1JQsmyLQbFdY8Cu_07I0B4gC3r18nA=mo,Good,5,0,,2022-09-14 02:21:20,Thank you for your trust in our service.,2022-09-15 16:38:17
950d55f2-acde-486b-ab8e-31cadf0ea8fb,Kingsley Kingstone,https://play-lh.googleusercontent.com/a-/ACB-R5S-Of2XXSSmsWehYD_6rOhMCUp7IjqQCyL01g3d,This is a wonderful app. I recommend it to everyone ?,5,0,1.6,2022-09-13 19:21:17,"We are pleased that you enjoyed the app. If there is anything we can do for you, just let us know at +2349137110506 !(Whattsapp)
Have a wonderful day!",2022-09-15 16:42:15
66a6d83e-0ac6-4bc7-a9f2-ccda86fd8334,Chukwuemeka Igbuku,https://play-lh.googleusercontent.com/a/AGNmyxaDFQWyHIJAxvCCHtiE5qaPrAg8WSm1IAS7vEmC=mo,Great app,4,0,1.6,2022-09-12 22:57:16,"Thank you! If you enjoy using the app, please rate us 5 stars. It would encourage us to continue improving the product!",2022-09-15 16:42:21
0ca31c96-4f6e-48a0-a7fc-98775b347ee9,Katherine Adele,https://play-lh.googleusercontent.com/a-/ACB-R5TDtG9hlynlsfgQ7ia8kNM-LThcogjUdU6EDPDu,Haven't received a loan from you. And you are telling me my loan now is duew.when u did not approve my loan,2,0,1.6,2022-09-11 23:43:01,Hi! We are glad that you like our app. We'd very much appreciate if you have any recommendations/suggestions for us to get 5-star rating. Thank you very much.,2022-09-10 16:15:26
8c93678c-2bef-47d5-828d-0f880b3abe32,Mido Sesay,https://play-lh.googleusercontent.com/a-/ACB-R5TtyehCHVQmqSI4lmwKRVCRGANOc0x9CZ5gvx-K,Great app but no loan yet,4,0,1.5,2022-09-11 21:39:22,,
223eea2e-9d9c-4d12-b599-d94a681ca6d4,Matthew vincent Ojiemekele,https://play-lh.googleusercontent.com/a-/ACB-R5T0OnuW83F6yyG39K3AhJ7wPOjEFh9gEsrtyJQ_,Nice and very easy to collect money and with a low interest rate...,5,2,1.6,2022-09-11 16:30:43,,
36a8169f-5f1d-4753-9277-3804b6097536,Bose Akadri,https://play-lh.googleusercontent.com/a/AGNmyxYwY_L231cyKdpLE1HLoUAemGnkzPd7ihf2Y3aH=mo,Best and fantastic apps Very fast to access I love it,5,1,1.6,2022-09-10 16:50:48,,
0702c075-fcae-4ac3-94b3-8e5bc9b2a4ff,adegun kemi,https://play-lh.googleusercontent.com/a-/ACB-R5SbxXD31dFHGwF-4LeeM294d0VNzjhhXY_SaxfNrg,This app is a scam. This app asked me to link my debit card and authorised it and the app deducted #50 and still telling me that I should use another card and they have been deducting #50 for more than 7 times now and still telling me the same thing SCAMMMMMMM,1,2,1.5,2022-09-10 15:58:55,"We apologise for the difficulties you experienced while registering with us. If you would like some assistance or additional information, please contact us via +2349137110506 and we will be happy to help you further.",2022-09-10 16:15:11
673849d8-0321-42c4-909f-a0bd476d7e60,Chima Chibuike,https://play-lh.googleusercontent.com/a-/ACB-R5TXz2H0RgX4EUD32R4qCKhQ3xBtcAP_SpZWrk5Z,Great app and super,5,0,1.6,2022-09-10 04:58:47,It is delightful to hear such positive words and it’s always a pleasure to serve our users.,2022-09-10 16:12:59
87f51e20-e12a-4eb8-905f-ead52bf09776,Olisa Joseph Ochia,https://play-lh.googleusercontent.com/a/AGNmyxZqQlQ35g-33hr-XJgxm3n7q0eQBeDBloPEbrII=mo,Smooth,4,0,1.6,2022-09-09 17:38:38,"Thank you! If you enjoy using the app, please rate us 5 stars. It would encourage us to continue improving the product!",2022-09-10 16:17:09
a7755eed-765a-4c39-b621-b8112b1074b5,Alice Lekret,https://play-lh.googleusercontent.com/a/AGNmyxa58p882kZ_RzOTF0s0cG8036pRFDT4kE3CB9uA=mo,Is fast and good but have not yet received the loan,3,0,1.6,2022-09-09 13:55:03,"Hi,
Please contact us at +2349137110506 to have your issue resolved.",2022-09-10 16:15:42
dec5ae06-9471-4f32-9cce-6345b216c5c9,sunday alashau,https://play-lh.googleusercontent.com/a-/ACB-R5SdahXx-cf5itUDv0VTHNF6Xax8mN1eJH1JMZATGg,Was awesome,2,0,1.6,2022-09-08 06:24:09,"Hi, if you like the app, could you please give us more stars?",2022-09-10 16:15:53
8eea9d0a-9cb2-40ef-9fad-825e1c44ec63,Genevieve Amadi,https://play-lh.googleusercontent.com/a/AGNmyxYS1zT4jw_aqWor5ptNpHhQn0YSsJCfqT7uSGrP=mo,Well. Good so far but awaiting the funds. Thank you,5,0,1.6,2022-09-07 02:20:33,"Hi,
Thanks for your feedback. We are continuously working on adding more features to our app to make your experience better.",2022-09-10 16:16:04
220541e1-367d-4af5-a670-312153afbf65,Rasaq Maryam Olamide,https://play-lh.googleusercontent.com/a/AGNmyxZ9vLhDfq8dmNWO_6ge78ELESwUN8rNI_sKA-U=mo,You don't give out loan you just waste someone data and time useless app,1,0,,2022-09-06 02:47:14,"We apologise for the difficulties you experienced while registering with us. If you would like some assistance or additional information, please contact us via +2349137110506 and we will be happy to help you further.",2022-09-10 16:16:15
03471606-c020-4aa9-a4fa-88418adcfed3,wumight martins,https://play-lh.googleusercontent.com/a/AGNmyxbaNUbHXCtHmts05TekE-BPQGI8LwYNvGqFIIC1=mo,Easy good and reliable in time of need.,5,0,1.5,2022-09-05 21:21:00,It is delightful to hear such positive words and it’s always a pleasure to serve our users.,2022-09-10 16:16:30
42f68c4b-0dc3-4ceb-a2a7-7812355ab042,Samuel Jegede,https://play-lh.googleusercontent.com/a/AGNmyxbuOO59Uu5Y6uFUeolUJhxiHwMb-QNBIfI2Hp15=mo,Good,3,0,1.6,2022-09-04 20:50:07,We appreciate the feedback! Please let us know how we can earn your 5 star rating!,2022-09-10 16:16:47
c84dc219-84a2-42c7-b162-042c9b17c188,Obiebi Isaac,https://play-lh.googleusercontent.com/a/AGNmyxaMsRONk3fJdv59Ce-NfA2ROUiFuHNxugbpnqv7=mo,Excellent! Very fast in its application,5,2,1.6,2022-09-04 19:18:13,,
99e33c66-8993-41c4-a166-705e0e0412d3,QueenRukevwe Ruth,https://play-lh.googleusercontent.com/a/AGNmyxZj4meGidK2VpiPej9RhGDW91B2KvSN4w6zCwNzPeU=mo,Noce,5,0,,2022-09-04 16:51:48,,
02d97a41-abf0-4701-a1ad-ec8110f5124c,Adefisoye Blessing Bosede,https://play-lh.googleusercontent.com/a/AGNmyxYl3uca6XjVDGmAKLR9J1LZTSSbQ2INWmXWVcRM=mo,This app Is a good App but after repayment the network is to bad to process another loan,5,0,1.5,2022-09-04 16:47:48,,
3f33b0be-4bcb-433d-bfc7-2a556f1c8ef1,Nike Bello,https://play-lh.googleusercontent.com/a/AGNmyxYnOtisRdSsVCfIT0SEc2zGCjEnXI3dweisaTgy=mo,Wen I received my laon I we give u 5star,1,0,1.6,2022-09-02 03:19:19,,
57bca316-8c2e-4bde-9484-64cf069da0df,Oyindamola Feyishola,https://play-lh.googleusercontent.com/a/AGNmyxaDjIW3C2IWTUT1XLIYa5enmB6qBTK31HlgbU9a=mo,It's a good app but my loan is still pending,3,0,1.6,2022-08-30 15:17:37,,
0e71cb26-7272-47a6-b132-669188d7a1c0,peaceman oike,https://play-lh.googleusercontent.com/a-/ACB-R5To9KtsMzkjpp3YTzuboxBDiPJdkf1ccOvmV3cY8g,Procedures are much but nice concept,5,1,1.6,2022-08-27 03:28:24,,
1c07e273-d26d-4457-ae57-bab250342511,sam akam,https://play-lh.googleusercontent.com/a/AGNmyxaThrLaUXUlX98CcfgT0d8xI7rotMtXu4XuCT9B=mo,Very poor,1,0,1.6,2022-08-25 16:39:55,,
1e9195f7-4ed3-4adc-a29d-19a880a5b840,elizabeth godson,https://play-lh.googleusercontent.com/a-/ACB-R5QaHOe3Kk6N5p-3pfX5e0tlclJQPmof20LIeyET,Waiting for my loan to be approved then l comment,5,0,1.5,2022-08-24 23:08:30,,
830ea006-5435-4565-a2eb-b837277d2bba,fadipe oladipo,https://play-lh.googleusercontent.com/a/AGNmyxa8CjLaunYlaAlvoVFzVSO-5LlAnBDf9xRW3VtK=mo,Ok,5,0,1.5,2022-08-24 20:45:30,"Hi,
Thanks for your feedback. We are continuously working on adding more features to our app to make your experience better.",2022-08-24 21:47:15
a041a26c-7b33-4f3e-80bc-f7739fba62ed,Monday Destiny,https://play-lh.googleusercontent.com/a/AGNmyxZnykUQwFeaKkP1H-wQhru6bb35hAa364liVijk=mo,Nice one,2,0,1.5,2022-08-24 15:07:41,,
93b54afc-566e-45d3-86d7-13380f539500,Motunrayo Asake,https://play-lh.googleusercontent.com/a/AGNmyxZQSzzOWSkMLupbnl1coAUcmqBeBw8l1eqmQ5us=mo,Good,5,0,1.6,2022-08-23 19:36:32,Thanks a lot for your rating and comment. We will keep working to provide a good user experience.,2022-08-23 20:32:14
afe3e97c-67bc-4d33-96c1-375c3e6e944a,Olawale Rukayat,https://play-lh.googleusercontent.com/a/AGNmyxY9ML1Vq_iNQYI7MCN5jIjDnbgzt6lZWonagKMk=mo,The process is very simple,2,7,1.6,2022-08-23 19:09:29,,
3bc2ceb7-7f90-461f-805a-a9b57a0c3ca1,Kayode Danielle,https://play-lh.googleusercontent.com/a/AGNmyxZ0-SjUvrOvVPaSPuqt8AELUzXfy3qDMCNAO7kt=mo,Incredible app no stress I will recommend it to my friends.,5,0,,2022-08-22 21:20:03,,
f1ebada4-1323-4262-b132-4100157b9120,Joseph Ibidun,https://play-lh.googleusercontent.com/a/AGNmyxZpSu0t5UJRqPYGbdl4Ozl6EEtLs2mkTrab-ue9=mo,"Nice and easy,also fast though my loan haven't been granted but I hope it's granted,I really need it",1,0,,2022-08-22 16:24:36,"Hi, thanks for using the app. We'd really appreciate if you could rate us 5 stars here on Google Play. Rating is very important to us in establishing trust with our user base. If you have any concerns or suggestions, please do not hesitate to contact us at +2349137110506.",2022-08-22 18:06:49
83ee421f-ffd7-4cc5-a896-c97f0f2fbece,Ayi Emmanuel,https://play-lh.googleusercontent.com/a-/ACB-R5Su4UBK3uzRb0YMNwTwmth2q8uiN7DBZed1KgIJyA,Quick registration and easy access to loan,3,0,1.5,2022-08-19 22:48:52,,
c373b3a3-a015-468c-8a30-9ce8ccc3ff86,Ibitomi Folashade,https://play-lh.googleusercontent.com/a/AGNmyxZlBblPSS5kYIlZg6J5Sty2EKOaWc3U4FQyAO3q=mo,Kudos,4,0,1.5,2022-08-19 21:54:37,,
d9d904b2-6d4c-4404-b217-71532630e5ad,A Google user,https://play-lh.googleusercontent.com/EGemoI2NTXmTsBVtJqk8jxF9rh8ApRWfsIMQSt2uE4OcpQqbFu7f7NbTK05lx80nuSijCz7sc3a277R67g,Easy and reliable app i really love this app i think it good though still for disbursement,5,0,1.5,2022-08-19 20:12:20,"Hi Ebio,
Thanks for your feedback. We are continuously working on adding more features to our app to make your experience better.",2022-08-19 20:44:35
a68447cf-5d51-41ee-95bf-32316da6b09d,FELIX BALOGUN,https://play-lh.googleusercontent.com/a-/ACB-R5RPODd47yJajIEQpvzkZDopIqEJ4CZiK_QoXrYr,I can't comment as regard of this app untill my loan is disbursed,5,0,1.5,2022-08-19 15:34:39,,
12c92c82-18f3-4ba0-b1db-f9c0a260f9c8,Favor Asher,https://play-lh.googleusercontent.com/a-/ACB-R5RjgvgG2C7Minuz5bi-vV66eI_vzPiBZa2bigoY,Great app still waiting for approval though,4,0,1.5,2022-08-18 21:53:45,,
483b5a61-538e-44c0-b86b-f08baebe203e,TONY MARK,https://play-lh.googleusercontent.com/a/AGNmyxb9brE2PNSmNXf45z7UPZ_LZ7wO8pJentFCkhvv=mo,"This app I still don't understand it , it doesn't want to approve, for real ???",1,0,,2022-08-17 22:53:16,,
ec5d037f-9bfe-45b8-9b79-656f40605804,Lemboye Abiola,https://play-lh.googleusercontent.com/a-/ACB-R5Rzg5yGCnVXskFvZ2q7Sblux0TrTI1ZMTHANBhqaQ,Convenient to use,5,0,1.5,2022-08-17 17:57:39,,
613fd499-a75d-4e1b-92f0-c2cd6c970466,Enuamaka Ifeakachuku,https://play-lh.googleusercontent.com/a/AGNmyxbMiFQlal6EJq3hCeGFK7MmmDHB7oz-29sBE_am=mo,"I applied and they haven't approve me yet, I will rate 5 star when the loan get approved",2,0,1.5,2022-08-15 17:20:29,,
ed3baa26-2a12-4fab-b5fb-14a6ca61524b,Adesola Ajayi,https://play-lh.googleusercontent.com/a/AGNmyxZrPHTxfXVGEwMrRYZ9-TPzf_EBMARZayEWS1-EdC8=mo,Reliable and reasonable interest rate.,4,1,1.5,2022-08-09 19:31:52,"Hi Adesola, we are very much in operation.",2022-08-08 23:40:23
d291b962-3344-4dd1-9163-fbeada0c1643,issa kabir,https://play-lh.googleusercontent.com/a-/ACB-R5ScHqHGt9HqsV1HGt3XHG0cVmOme7eF0R32e1ilBw,Good app,4,0,,2022-08-08 20:48:34,"Dear User, we are glad you liked the app. We request you to give us a 5-star rating as it is the best encouragement for our team.",2022-08-08 23:29:53
01883412-c987-412a-b6b9-67d25311e429,tame Ishola,https://play-lh.googleusercontent.com/a-/ACB-R5T1RQTFCsRwIsiVN8nK_YGsTiMdU2BgswDROg0G,Quite fair,5,0,1.5,2022-08-08 19:51:29,"Hi,
Thanks for your feedback. We are continuously working on adding more features to our app to make your experience better.",2022-08-08 23:42:36
73d9272b-64b3-4b41-b540-4e9ee12e2bbe,Adeyemi Precious,https://play-lh.googleusercontent.com/a-/ACB-R5Qra2TlKdqVOgYYfjZSDM9xcUVVZO9iBc5w0WDP,You are not even legit You've been checking my eligibility without giving me feedback since day before yesterday You app is having issues Rectify it . If you are not ready to do so Then you don't have any reason to exist .,1,1,1.5,2022-08-02 14:39:57,"Hi, we're sorry to hear that and we would love to take a look at the issue. Please reach out to our customer support team at +2349137110506.",2022-08-08 23:39:31
ba2f79e3-3e59-4e39-bce8-80f333b1ba38,Louis Eze,https://play-lh.googleusercontent.com/a/AGNmyxZm2budLb-4f_mdz71Gk_zA0ECS3EvjhrceS-EZ=mo,Great app...they are here for your every need. I trust them,5,0,1.5,2022-07-31 20:46:31,"We are pleased that you enjoyed the app. If there is anything we can do for you, just let us know at +2349137110506!
Have a wonderful day!",2022-08-08 23:40:37
b291ae7a-7822-4103-a4bf-356979c97065,Mustapha Quadri,https://play-lh.googleusercontent.com/a/AGNmyxZZcc60T1NOQ5nyIOF_00ITQkoqkfAUmyIc94Uf=mo,"You don't give out loan, I've applied since yet it is showing pending and due date is set on the application already without receiving any money",1,16,1.5,2022-07-31 15:44:36,"Hi, we'd be happy to see what happened with your account. Please contact us at +2349137110506.",2022-08-08 23:40:56
309cf0ec-9056-4307-879f-f742bd6938fa,Eunice Ayeni,https://play-lh.googleusercontent.com/a/AGNmyxaXyE1bgfcfrvBVhgAgaFJepUDi2glNA9eOZZZ5=mo,Nice app very procedures,4,0,1.5,2022-07-31 14:04:01,Hi! We are glad that you like our app. We'd very much appreciate if you have any recommendations/suggestions for us to get 5-star rating. Thank you very much.,2022-08-08 23:41:14
23bd32dc-7f5b-41d4-8361-372943396108,Chuks Umeaku,https://play-lh.googleusercontent.com/a/AGNmyxYkULsugA_yw2G04LSxhTdf_Ybw_sdJmYLk7iB4=mo,Good app to behold,5,1,1.5,2022-07-29 20:23:59,Thank you very much. Keep using our app :),2022-08-08 23:41:34
c91f9356-4dac-4a68-a1dd-9709c8adf9d0,Onyiuke Chelsea,https://play-lh.googleusercontent.com/a/AGNmyxbK7mvR5X74PaoZsE164ZWs9IOAm85pOvVRlGhU=mo,Amazing app,4,0,1.5,2022-07-29 00:13:38,"Dear User, thanks for your support. If you like us, please encourage us with 5? : )
",2022-08-08 23:41:48
81fa8041-9cc8-41d9-b18b-c8fbc17c9f56,Collins Osifo,https://play-lh.googleusercontent.com/a-/ACB-R5SGUMorLsQwzDkGWSH5XtK1Vzo7fjnoyR-df_1T,"Seamless, no unnecessary stress as long as you provide the right information, though am yet to be granted the loan.",5,11,1.5,2022-07-27 18:53:37,"We are pleased that you enjoyed the app. If there is anything we can do for you, just let us know at +2349137110506!
Have a wonderful day!",2022-08-08 23:42:06
a70eca89-0aa6-413a-900b-e18454225240,Tunde Oshonowo,https://play-lh.googleusercontent.com/a/AGNmyxYg84qAAZmT4frt_Mzpp578m5_A7oJIQjshgMEH=mo,Good,5,0,1.5,2022-07-27 02:41:51,"Thanks for the 5 star rating. Hope you continue to enjoy reading news on our app. If you have any feedback or suggestions, please write to us at +2349137110506. We would love to hear from you!",2022-08-08 23:50:13
03475e54-245b-46b5-9db0-1fcc9e5eb6d3,Ourking Chinedu,https://play-lh.googleusercontent.com/a-/ACB-R5StdV5pa8ZS3ETFtyXSBSAJiL2jwDlJHElJvBrx,Good app,5,0,1.5,2022-07-25 16:16:35,Thank you very much. Keep using our app :),2022-08-08 23:50:30
31634c66-24ff-40d8-851d-702d8bc53a11,Apollo Wise,https://play-lh.googleusercontent.com/a/AGNmyxZVGRUCsjwQH9AFJ9nzx22mHg6xtQFeF6_ZeN5Q=mo,I will come back to review again and probably give more ?? if my loan is approved.,1,0,1.5,2022-07-24 20:05:29,"Hi, we'd love to help you. Please write to +2349137110506 and our team will help resolve your issue quickly.",2022-08-08 23:50:47
f5fb2745-3519-4c29-a690-0d37e2188350,salau olanrewaju,https://play-lh.googleusercontent.com/a/AGNmyxaW8trAZmRdMOvwmhAnb638UW-ut7IGn_uGpnfg=mo,I love your app,5,0,,2022-07-22 20:39:32,"We are pleased that you enjoyed the app. If there is anything we can do for you, just let us know at +2349137110506!
Have a wonderful day!",2022-08-08 23:51:05
e267dd95-efc8-4f4c-abe3-4aa1c0e3cdf7,Ann ogo,https://play-lh.googleusercontent.com/a-/ACB-R5QsXuZbhVsfGhJK95H2nNbllEmgOm8caxEBtiwr_w,Best ever,5,0,1.5,2022-07-21 03:33:38,"Dear friend, we are really glad that you like our product. Your support and voice are very important to us.",2022-07-21 14:49:45
f512ba6a-42f2-4485-ae68-9f7b23fb5643,Sadiq M. pawa,https://play-lh.googleusercontent.com/a-/ACB-R5R1CA7a8BjByOmaUnR8hEqgUWSUFb_c6RVkq_pQhQ,Best,5,0,1.5,2022-07-19 20:38:28,Thanks for taking out time to rate us. It really helps us to keep going and delivering the best :),2022-08-08 23:51:34
000ba5bd-0d92-4eba-a381-eb046f0a8fd7,Comfort Mark jilum,https://play-lh.googleusercontent.com/a/AGNmyxbgRrZ31rAHkEKtypN6WSNd3ZuQusgoIhmxdZLL=mo,Great app ????????,5,0,,2022-07-17 05:37:28,"Dear friend, we are really glad that you like our product. Your support and voice are very important to us.",2022-08-08 23:51:48
2f21d62c-8e71-4b72-babc-d39755a32e6f,Kudirat Abimbola,https://play-lh.googleusercontent.com/a/AGNmyxZL0lVMY_YnEN6MUs5fcrFYH65C9KY_XQIlVG4r=mo,My very own saviour at time of needs...,5,0,1.5,2022-07-15 15:47:28,It is delightful to hear such positive words and it’s always a pleasure to serve our users.,2022-08-08 23:52:16
dd9a7194-a2d6-4881-b74d-b3dd6a63d5c5,Tammy Lawson,https://play-lh.googleusercontent.com/a/AGNmyxZ1pmSa-3XzaH0b90E0DjBo-qONDczaEErv6rmv=mo,Disbursement is quick.,5,0,1.5,2022-07-15 02:48:36,Thanks for taking out time to rate us. It really helps us to keep going and delivering the best :),2022-08-08 23:52:29
16229c03-a090-484c-86c9-43025c3d24cc,Abdul Ahmed,https://play-lh.googleusercontent.com/a-/ACB-R5RLERC_V0iGl2X_2M04uIhVD9T2yT-VsoixPSjE7A,Nice one.. It's gud and easy to access loan and also save money,5,15,1.5,2022-07-13 16:58:12,Thank you for your encouraging words.,2022-08-08 23:52:44
ef65f78a-e0fa-465a-86b4-b5256b34b19a,Edeh Omon,https://play-lh.googleusercontent.com/a/AGNmyxYnqbskcvW0lOpyUjw2O6l5vgG7hj54qO15tNQr=mo,Very good,5,0,,2022-07-10 20:14:33,"Thank you Edeh, we appreciate your comment.",2022-08-08 23:53:16
65902b65-4d2d-4fdc-afd4-810ed9b43e94,chika dickson,https://play-lh.googleusercontent.com/a/AGNmyxYMwEU5_Gq27gsZNN89DBRsxOg3J7ZaKfN7N12B=mo,Rubbish,1,0,1.5,2022-07-10 01:00:26,,
77e54175-1bdc-48f0-9871-c8833ea9be57,Osuji Patrick,https://play-lh.googleusercontent.com/a/AGNmyxYwOVIACoatLQhZslk4A_uHt2iDaIYA6pMFuEu3=mo,I cabt register and the number I was asked to call is not going through at all.,1,3,,2022-05-04 15:44:30,"Hi, please email us a screenshot of the error you are facing along with your mobile number at +2349137110506 so we can look into this for you. We apologise for any inconvenience.",2022-08-08 23:53:45
7c798c95-c45a-4e63-b445-83375c71ea46,Eghwrudje Emma,https://play-lh.googleusercontent.com/a/AGNmyxZYAFwyBbb-DrXSrNYwqti44QnEbOl0f_f2ZzKU=mo,Sweet app,5,0,1.4,2022-04-09 23:07:45,,
0bdaaf52-06d9-43a8-92f2-7fc275ffb085,Hope Possible,https://play-lh.googleusercontent.com/a-/ACB-R5REuaJB2rRPXjcFs5oHQWUdhVzZFzKtKLv-7uFz,SCAMMERS!!! This guys are scam for real you keep paying #90 for nothing.,1,7,1.5,2022-03-31 16:38:08,,
846eaa53-5017-46ab-8c99-d88ba07d19e5,Christia Benson,https://play-lh.googleusercontent.com/a/AGNmyxbeWfd0nvBjOhGdgFaq2YySnRI0YHQNqaHrxb4=mo,Waste of time,1,0,1.4,2022-03-24 14:05:44,,
f5eced97-1391-411d-8508-68c496122c9e,precious oseghe,https://play-lh.googleusercontent.com/a-/ACB-R5RZAWsSinBncOB4xbACzi45oJqXGSNyGeAIIdR3jQ,This app na scam oh them go enter your account wipe your account them dey use am for phishing be careful guys they are fake God will punish you guys people dey find loan una wan use the advantage still scam ontop thank God I realized on time,1,0,1.4,2022-03-23 18:37:59,"Hi, can you please provide details so that we know the reason for the low rating. This will help our team to improve our app and serve you better. Looking forward for your response. You can also reach out to +2349137110506.",2022-08-08 23:54:09
852b1b31-9247-4a2b-8d94-15696b4bc3c2,Steve Tekome,https://play-lh.googleusercontent.com/a/AGNmyxZPicdy2W0UOhL8z5ZHhE3uWynKSxPScA0s-trC=mo,Guys stay away from these confused entity.,1,1,,2022-03-11 22:03:29,"Hi, we'd like to understand the issue and help you with it. Kindly share your details at +2349137110506. We will check and get back to you on this.",2022-08-08 23:54:24
d3863eb2-e484-4f31-8685-62f3b34a2612,Isioma Okeh,https://play-lh.googleusercontent.com/a/AGNmyxZg2nmCJ2eV0S98QyAeYc75lBXWHwMid0zxQlT1=mo,Forget about this app. They are scammers. They will debit your card but they don't give loans. Waste of data.,1,1,,2022-03-11 00:13:42,"Our loan decision is algorithm- driven ,so just because  you are not eligible to take our loan , you dont need to paint us bad . You can call our customer care to get more informatio  for you to be eligible .",2022-03-11 00:06:07
dd18e26d-079a-4f2d-9071-18b70573f91a,timi ekere,https://play-lh.googleusercontent.com/a/AGNmyxZwEuYLOFt4-XEci-F8DTHtua6F2hrMpE9a_YL_=mo,"Very yeye app. Urgent 10k my yansh, more like no 10k",1,1,1.4,2022-03-10 15:07:49,,
7a8d40e0-a007-4145-b5f6-735433697427,Muhammad Idris,https://play-lh.googleusercontent.com/a-/ACB-R5QYKvcyDE4gKyStkEzzXisFifchfvDbLX5LKh-9dg,This app is not functioning it's link my nonba with someone else and whenever I called my number someone else picks the call,1,0,,2022-03-04 01:47:56,Mr Idris how does a loan app relate to you calling your number and someone else picking. Kindly visit your line office to rectify that.,2022-03-11 00:07:33
2e0bbf92-9a68-474e-a74a-a153ca231847,Muhammad Sheriff,https://play-lh.googleusercontent.com/a-/ACB-R5S4zIAhQEKq_ZtefL12PflqwwLcAPc7pgBjFSzA,Best Of best,5,0,1.4,2022-02-25 01:10:47,,
7e9a3659-6e07-46a5-b955-6f0e8313eef6,Festus Oyebanji,https://play-lh.googleusercontent.com/a/AGNmyxaWdsQdFyZU6kP8-pto_fFBR20Mt5NNKz4nvZKS=mo,Good afternoon I wanted to signup it's giving me error message to contact support try to work on it,1,16,1.4,2022-02-21 19:08:47,,
aae0270b-c3c8-4243-952a-f7203dca2959,Rita Oseji,https://play-lh.googleusercontent.com/a/AGNmyxZaizX0UFCTCTzD-Rt6tTz2L4Y2NNPxGf8Th4hQ=mo,Useless app. Don't waste your time.. They are scammers,1,1,,2022-02-17 20:48:15,,
9627e0fc-67c7-4b6a-b84d-aa08896baf89,Christiana Kenneth,https://play-lh.googleusercontent.com/a/AGNmyxZjdJ8o668vjekOtC33PgE-U0bbdh8WaYsp_Vs=mo,Wonderful app,5,0,1.4,2022-02-15 18:41:07,,
b7227bf4-2c3f-43f6-876c-010c44dbab3c,ISAH ISAH,https://play-lh.googleusercontent.com/a/AGNmyxZRilxzWDVo1vHret1StvsNe2yFsAHskXqvXjy7=mo,Impressive,5,0,1.4,2022-02-14 17:27:11,,
6e47c355-f0d7-4edd-b070-4e96eeca9c7c,Tobi Daniel,https://play-lh.googleusercontent.com/a/AGNmyxZQgqMuYGMZT7DX6sgge5nP8tRlWQSjijf5pybM=mo,Fast and reliable,5,2,1.4,2022-01-25 21:30:59,,
efe79337-d487-406a-a582-85b9ecddd699,Greg Ovini,https://play-lh.googleusercontent.com/a-/ACB-R5TEjC2W7QLYvDzl2b_RnBw_k22DviurtAnGJC4Gtg,I can't register why? The app gave me an error message saying I should contact support team.,1,25,1.4,2022-01-13 08:44:28,,
a309bab2-f72a-4d3d-abed-3b85fa9ae2d6,Olajide Matthew,https://play-lh.googleusercontent.com/a/AGNmyxaJvmSTN2sflr5J5lBiFHPDraxKoYVfWh-vC3rV=mo,Always declining after full verification of all valid ids and utility bills even bank statement...if i could rate zero stars...i would have given them zero...not helpful,1,19,,2022-01-08 08:23:52,,
a66249cd-bdc4-477a-bef9-b5a54c5e33ec,Eniola John,https://play-lh.googleusercontent.com/a/AGNmyxZX1IfCbc2_bJVMRJf5iHEFS-pbEbMiC18OHhnl=mo,Your app is useless,1,1,1.2,2021-12-09 01:58:23,,
ea9ba2bb-4057-4302-9086-f284dc0bfe65,Oliver Stephen,https://play-lh.googleusercontent.com/a/AGNmyxanjVr6m431AO6wegeeE_T9X4exf3HOGabqQKSU=mo,Please don't don't waste your time downloading this app. They don't offer any loan. They will debit you without giving you loan. Fraudulent app. Thieves.,1,1,1.1,2021-12-06 18:58:56,"Hi Oliver It hurts that you'll try to defame us. We do give out loans urgently to genuine customers. Our rigorous loan processing system makes sure only eligible applicants applies and gets our loans. However, we would love to talk to you on how you can improve your credit score. Please contact our customer support team at support@urgent10k.ng
",2021-12-07 00:00:12
dd23ebb8-c0fb-48bd-9e3b-aaeb5142c3c4,Ogheneovo Precious Saint,https://play-lh.googleusercontent.com/a-/ACB-R5RtgJfLOMxNjomg_D1LeWpsy-01y4pHZybdJ_MsJA,Nonsense App,1,0,1.1,2021-12-03 20:27:38,"Hi, Ogheneovo Precious Saint
we regret the inconvenience caused. Kindly elaborate on the issue so that we can look into the matter and resolve it for you. Please write to us at +2349137110506.",2021-12-03 21:19:54
1ae8138a-b3e8-46fd-952f-5af799ee2d16,Tope Fawehinmi,https://play-lh.googleusercontent.com/a/AGNmyxa8vMkALjpmJWzjySMp0n6CGwsnBWSX9gygQ3sG=mo,Seriously I think it a waste of time I apply for a loan on November 17 2021 it was approved in November 29 2021 after how many days I just saw the mail today only for me to go to the app and access the loan I see that it as been revised again really very bad the finest part is you will be chatting them or sending mails to them they will not reply you,1,56,1.1,2021-12-01 23:51:11,"Hi Tope Fawehinmi we apologize for the inconvenience caused, please be kindly informed that your loan was reverse after 48hours has it was not withdraw from your wallet and would have been on running list, kindly apply for another loan if still interested in and if need be please contact at support urgent10k.ng",2021-12-02 20:24:23
efef0811-e352-48ed-b537-ed147444c0b1,efosaiyiriaro iyiro,https://play-lh.googleusercontent.com/a-/ACB-R5RzX-yQ-s460Qy0uLZwpiKkLBqNCF0REdCJpjuK,Lovely app put too much delay in approval,1,2,1.1,2021-11-29 15:13:47,"Hi, We apologize for the difficulties you experienced while trying to apply for a loan . If you would like some assistance or additional information, please contact us via +2349137110506 and we will be happy to help you further.",2021-11-30 16:07:42
9c580c9d-36ff-4a6b-b8a9-cfe00fe8f83a,AMARACHI NWACHUKWU,https://play-lh.googleusercontent.com/a/AGNmyxZ2Fe_ddKr2v5IyeGFDkWXXvLFJbSeks4l0J-Iw=mo,"This is fraudulent act. After filling all my details, they said I was eligible for 10k and asked me to add my card to get the money. I added the card and they debited me N50. On the process I was logout automatically, coming back online again they said, I wasn't eligible for a loan. NB: This is the First time am trying this online loan stuff, I don't owe any other loan company or platform. Refund my N50 if u don't offer loan again.",1,32,,2021-11-26 22:55:36,"We apologise for the inconvenience caused kindly be informed that the #50 charge is for your card activation If you would like some assistance or additional information, please contact us via +2349137110506 and we will be happy to help you further.",2021-11-29 23:25:53
4f61e318-6014-456b-ade4-e20e0f378c30,Peacemaker Comedy,https://play-lh.googleusercontent.com/a-/ACB-R5TfoeGI4ezMyc7VgasqeGQrBYhHOjbBrzptLoAMyw,What Olaniyi said was true The app is totally useless. I can’t even get OTP for a start to register,1,7,1.1,2021-11-20 19:43:14,"Hi, We apologise for the difficulties you experienced. If you would like some assistance, please contact us at support@urgent10k.ng and we will be glad to give further assistance
",2021-11-23 20:01:52
30f31262-4fbe-49ea-b4c9-45eeab286619,Badejo Seun,https://play-lh.googleusercontent.com/a/AGNmyxZhOi7l_ysBcHn42yxwIVSIQeyM8nTdXr-I8DOl=mo,Bad,1,1,,2021-11-11 22:51:30,"Hi, we apologize for the inconvenience caused. Kindly elaborate on the issue so that we can look into the matter and resolve it for you. please do contact us at support@urgent10k.ng
",2021-11-23 18:02:58
6f04384f-3c96-49a5-8f69-b90801060e91,honrable walex,https://play-lh.googleusercontent.com/a-/ACB-R5TshKxCTpXPThIABMdiRRfqRZtHX7JweEsRyPIX1Q,This app is a scam they have other companies different name beware of giving out information this app it here just to get you bank information ????????and please don't send me funny message telling to contact your customer service,1,0,1.1,2021-10-27 22:57:47,"Well Walex, you probably didn't get any loan from us due to your poor credit score and indebtedness to other lending companies; reason why you are giving us a bad review. Still contact our customer support on ways you can improve your credit score and your eligibility for a loan from us.

Thank you.",2021-10-29 14:26:59
29ca762a-8870-483c-a739-42ea52c390c2,Emmanuel Akam,https://play-lh.googleusercontent.com/a/AGNmyxbmk99RrqLLuhiQfrxLvpDH6UvGbLM1xs4eZX9p=mo,I dont understand dis app How can you debit me #50 twice And yet you said you cant accept my card But you can debit my catd right? If i say you guys are scam Am not wrong How can you debit me #50 twice And still tell me you cant accept my card But you can accept my card when u wanto debit Scam!!!,1,1,1.1,2021-10-27 21:10:13,"Hi Emmanuel, 
It hurts that you'll try to defame us. You should have contacted our ever-ready-to-help support team if really you encountered a problem using the app. Anyways, we still would love to hear from you and help you resolve your issue. Please contact our customer support team at support@urgent10k.ng",2021-10-27 19:28:06
97ef144b-5d3c-41f2-a805-1a5b6b8df0bc,Laboo Laboskaraya,https://play-lh.googleusercontent.com/a-/ACB-R5SvFWdSuyFP_SLYAVjmUf-Py8pO598i7yfR9ri1,Homoscamoscamo homothiefythiefy scamorous personalities,1,0,1.1,2021-10-26 17:29:35,"Hi Laboo,
 It hurts that you'll try to defame us. We do give out loans urgently to genuine customers. Our rigorous loan processing system makes sure only eligible applicants applies and gets our loans. However, we would love to talk to you on how you can improve your credit score. Please contact our customer support team at support@urgent10k.ng",2021-10-27 19:22:28
78f03ce1-28eb-4cfa-a66c-560232dafb7b,Olaniyi Peter,https://play-lh.googleusercontent.com/a-/ACB-R5SNdCWW37meZBeamJPnGNC8cGXF_nzUkPAJxrD-,The app is false it's not functioning I just downloaded it and I apply for loan but my loan application was not approved for the first time which is very woefully my people don't waste your datato download it????????,1,28,1.1,2021-10-26 04:32:42,"Hi Olaniyi,
Your reveiw is false. We do give out loans but only to elligible persons with good credit score. It doesn't matter if you are a first timer or not, once your credit score is poor and your profile is flagged as fraudulent, you will not be eligible for a loan. Please contact our customer support  at support@urgent10k.ng for clarification",2021-10-27 19:20:29
f371c55a-ace2-4c77-9895-1f98794b692f,Abdulmalik Abdullahi,https://play-lh.googleusercontent.com/a-/ACB-R5QnQJx-Hl71MAAFdywYhSyVf7eRgb91zT5zySgz,I was no able to bind my card it keep telling me to bind the card that is link to my account wich i dont have card to that account for now any solution?,3,3,1.1,2021-10-26 03:50:20,"Hi Abdullahi, Please contact our customer support team at support@urgent10k.ng or chat on WhatsApp +2349137110506",2021-10-27 19:08:37
17acf225-4870-4000-b095-d3acdab23c3e,Akande Emmanuel,https://play-lh.googleusercontent.com/a/AGNmyxa3xqlH16m049ov3WROXEVZJxvS384iFLmndZku=mo,"Excellent application seamless, quick disbursement and very respectful staffs .",5,10,1.1,2021-10-22 15:59:14,"Hi Akande. Thank you for taking the time to leave us such a fantastic review! We are happy to hear that you enjoyed our service. Your satisfaction is our priority, and as affirmed by your review, we pride ourselves on our exceptional service.
",2021-10-22 22:20:25
dafb15d4-8b8f-4004-bb09-3bc354b5ca18,Michelle Jackson,https://play-lh.googleusercontent.com/a-/ACB-R5SVVd4gYo3qq_heYgM0s9jjca_GCZkmMcbXmYA5wQ,You don't give out loans. Stop deceiving people,1,1,1.1,2021-10-21 06:19:32,"Hi Michelle,
We do give out loans urgently to genuine customers. Our rigorous loan processing system makes sure only eligible applicants applies and gets our loans. However, we would love to talk to you on how you can improve your credit score. Please contact our customer support team at support@urgent10k.ng",2021-10-29 18:20:52
